{"v":"5.7.3","fr":60,"ip":0,"op":782,"w":206,"h":684,"nm":"Progress Bar","ddd":0,"assets":[{"id":"comp_0","layers":[{"ddd":0,"ind":1,"ty":4,"nm":"check","sr":1,"ks":{"o":{"a":0,"k":100,"ix":11},"r":{"a":0,"k":0,"ix":10},"p":{"a":0,"k":[575.25,603.465,0],"ix":2},"a":{"a":0,"k":[0,0,0],"ix":1},"s":{"a":0,"k":[100,100,100],"ix":6}},"ao":0,"ef":[{"ty":5,"nm":"Excite - Skew - Transform","np":8,"mn":"Pseudo/BNCA2506f0b33","ix":1,"en":1,"ef":[{"ty":7,"nm":"Enable","mn":"Pseudo/BNCA2506f0b33-0001","ix":1,"v":{"a":0,"k":1,"ix":1}},{"ty":6,"nm":"Properties","mn":"Pseudo/BNCA2506f0b33-0002","ix":2,"v":0},{"ty":0,"nm":"Overshoot","mn":"Pseudo/BNCA2506f0b33-0003","ix":3,"v":{"a":0,"k":10,"ix":3,"x":"var $bm_rt;\n$bm_rt = clamp(value, 0, 100);"}},{"ty":0,"nm":"Bounce","mn":"Pseudo/BNCA2506f0b33-0004","ix":4,"v":{"a":0,"k":15,"ix":4,"x":"var $bm_rt;\n$bm_rt = clamp(value, 0, 100);"}},{"ty":0,"nm":"Friction","mn":"Pseudo/BNCA2506f0b33-0005","ix":5,"v":{"a":0,"k":40,"ix":5,"x":"var $bm_rt;\n$bm_rt = clamp(value, 0, 100);"}},{"ty":6,"nm":"","mn":"Pseudo/BNCA2506f0b33-0006","ix":6,"v":0}]},{"ty":5,"nm":"Excite - Scale - Transform","np":8,"mn":"Pseudo/BNCA2506f0b33","ix":2,"en":1,"ef":[{"ty":7,"nm":"Enable","mn":"Pseudo/BNCA2506f0b33-0001","ix":1,"v":{"a":0,"k":1,"ix":1}},{"ty":6,"nm":"Properties","mn":"Pseudo/BNCA2506f0b33-0002","ix":2,"v":0},{"ty":0,"nm":"Overshoot","mn":"Pseudo/BNCA2506f0b33-0003","ix":3,"v":{"a":0,"k":10,"ix":3,"x":"var $bm_rt;\n$bm_rt = clamp(value, 0, 100);"}},{"ty":0,"nm":"Bounce","mn":"Pseudo/BNCA2506f0b33-0004","ix":4,"v":{"a":0,"k":15,"ix":4,"x":"var $bm_rt;\n$bm_rt = clamp(value, 0, 100);"}},{"ty":0,"nm":"Friction","mn":"Pseudo/BNCA2506f0b33-0005","ix":5,"v":{"a":0,"k":40,"ix":5,"x":"var $bm_rt;\n$bm_rt = clamp(value, 0, 100);"}},{"ty":6,"nm":"","mn":"Pseudo/BNCA2506f0b33-0006","ix":6,"v":0}]},{"ty":5,"nm":"Excite - Position - Transform","np":8,"mn":"Pseudo/BNCA2506f0b33","ix":3,"en":1,"ef":[{"ty":7,"nm":"Enable","mn":"Pseudo/BNCA2506f0b33-0001","ix":1,"v":{"a":0,"k":1,"ix":1}},{"ty":6,"nm":"Properties","mn":"Pseudo/BNCA2506f0b33-0002","ix":2,"v":0},{"ty":0,"nm":"Overshoot","mn":"Pseudo/BNCA2506f0b33-0003","ix":3,"v":{"a":0,"k":10,"ix":3,"x":"var $bm_rt;\n$bm_rt = clamp(value, 0, 100);"}},{"ty":0,"nm":"Bounce","mn":"Pseudo/BNCA2506f0b33-0004","ix":4,"v":{"a":0,"k":15,"ix":4,"x":"var $bm_rt;\n$bm_rt = clamp(value, 0, 100);"}},{"ty":0,"nm":"Friction","mn":"Pseudo/BNCA2506f0b33-0005","ix":5,"v":{"a":0,"k":40,"ix":5,"x":"var $bm_rt;\n$bm_rt = clamp(value, 0, 100);"}},{"ty":6,"nm":"","mn":"Pseudo/BNCA2506f0b33-0006","ix":6,"v":0}]},{"ty":5,"nm":"Excite - Anchor Point - Transform","np":8,"mn":"Pseudo/BNCA2506f0b33","ix":4,"en":1,"ef":[{"ty":7,"nm":"Enable","mn":"Pseudo/BNCA2506f0b33-0001","ix":1,"v":{"a":0,"k":1,"ix":1}},{"ty":6,"nm":"Properties","mn":"Pseudo/BNCA2506f0b33-0002","ix":2,"v":0},{"ty":0,"nm":"Overshoot","mn":"Pseudo/BNCA2506f0b33-0003","ix":3,"v":{"a":0,"k":10,"ix":3,"x":"var $bm_rt;\n$bm_rt = clamp(value, 0, 100);"}},{"ty":0,"nm":"Bounce","mn":"Pseudo/BNCA2506f0b33-0004","ix":4,"v":{"a":0,"k":15,"ix":4,"x":"var $bm_rt;\n$bm_rt = clamp(value, 0, 100);"}},{"ty":0,"nm":"Friction","mn":"Pseudo/BNCA2506f0b33-0005","ix":5,"v":{"a":0,"k":40,"ix":5,"x":"var $bm_rt;\n$bm_rt = clamp(value, 0, 100);"}},{"ty":6,"nm":"","mn":"Pseudo/BNCA2506f0b33-0006","ix":6,"v":0}]}],"shapes":[{"ty":"gr","it":[{"ind":0,"ty":"sh","ix":1,"ks":{"a":0,"k":{"i":[[0,0],[0,0],[0,0]],"o":[[0,0],[0,0],[0,0]],"v":[[214,-137],[-68,130],[-164,34]],"c":false},"ix":2},"nm":"Path 1","mn":"ADBE Vector Shape - Group","hd":false},{"ty":"st","c":{"a":0,"k":[1,1,1,1],"ix":3},"o":{"a":0,"k":100,"ix":4},"w":{"a":0,"k":56,"ix":5},"lc":2,"lj":2,"bm":0,"nm":"Stroke 1","mn":"ADBE Vector Graphic - Stroke","hd":false},{"ty":"tr","p":{"a":0,"k":[0,0],"ix":2,"x":"var $bm_rt;\nvar enable, amp, freq, decay, n, t, v;\ntry {\n    $bm_rt = enable = effect('Excite - Position - Transform')('Pseudo/BNCA2506f0b33-0001');\n    if (enable == 0) {\n        $bm_rt = value;\n    } else {\n        amp = $bm_div(effect('Excite - Position - Transform')('Pseudo/BNCA2506f0b33-0003'), 2.5);\n        freq = $bm_div(effect('Excite - Position - Transform')('Pseudo/BNCA2506f0b33-0004'), 20);\n        decay = $bm_div(effect('Excite - Position - Transform')('Pseudo/BNCA2506f0b33-0005'), 20);\n        n = 0, 0 < numKeys && (n = nearestKey(time).index, key(n).time > time && n--), t = 0 === n ? 0 : $bm_sub(time, key(n).time), $bm_rt = 0 < n ? (v = velocityAtTime($bm_sub(key(n).time, $bm_div(thisComp.frameDuration, 10))), $bm_sum(value, $bm_div($bm_mul($bm_mul($bm_div(v, 100), amp), Math.sin($bm_mul($bm_mul($bm_mul(freq, t), 2), Math.PI))), Math.exp($bm_mul(decay, t))))) : value;\n    }\n} catch (err) {\n    $bm_rt = value = value;\n}"},"a":{"a":0,"k":[0,0],"ix":1,"x":"var $bm_rt;\nvar enable, amp, freq, decay, n, t, v;\ntry {\n    $bm_rt = enable = effect('Excite - Anchor Point - Transform')('Pseudo/BNCA2506f0b33-0001');\n    if (enable == 0) {\n        $bm_rt = value;\n    } else {\n        amp = $bm_div(effect('Excite - Anchor Point - Transform')('Pseudo/BNCA2506f0b33-0003'), 2.5);\n        freq = $bm_div(effect('Excite - Anchor Point - Transform')('Pseudo/BNCA2506f0b33-0004'), 20);\n        decay = $bm_div(effect('Excite - Anchor Point - Transform')('Pseudo/BNCA2506f0b33-0005'), 20);\n        n = 0, 0 < numKeys && (n = nearestKey(time).index, key(n).time > time && n--), t = 0 === n ? 0 : $bm_sub(time, key(n).time), $bm_rt = 0 < n ? (v = velocityAtTime($bm_sub(key(n).time, $bm_div(thisComp.frameDuration, 10))), $bm_sum(value, $bm_div($bm_mul($bm_mul($bm_div(v, 100), amp), Math.sin($bm_mul($bm_mul($bm_mul(freq, t), 2), Math.PI))), Math.exp($bm_mul(decay, t))))) : value;\n    }\n} catch (err) {\n    $bm_rt = value = value;\n}"},"s":{"a":0,"k":[99,99],"ix":3,"x":"var $bm_rt;\nvar enable, amp, freq, decay, n, t, v;\ntry {\n    $bm_rt = enable = effect('Excite - Scale - Transform')('Pseudo/BNCA2506f0b33-0001');\n    if (enable == 0) {\n        $bm_rt = value;\n    } else {\n        amp = $bm_div(effect('Excite - Scale - Transform')('Pseudo/BNCA2506f0b33-0003'), 2.5);\n        freq = $bm_div(effect('Excite - Scale - Transform')('Pseudo/BNCA2506f0b33-0004'), 20);\n        decay = $bm_div(effect('Excite - Scale - Transform')('Pseudo/BNCA2506f0b33-0005'), 20);\n        n = 0, 0 < numKeys && (n = nearestKey(time).index, key(n).time > time && n--), t = 0 === n ? 0 : $bm_sub(time, key(n).time), $bm_rt = 0 < n ? (v = velocityAtTime($bm_sub(key(n).time, $bm_div(thisComp.frameDuration, 10))), $bm_sum(value, $bm_div($bm_mul($bm_mul($bm_div(v, 100), amp), Math.sin($bm_mul($bm_mul($bm_mul(freq, t), 2), Math.PI))), Math.exp($bm_mul(decay, t))))) : value;\n    }\n} catch (err) {\n    $bm_rt = value = value;\n}"},"r":{"a":0,"k":0,"ix":6},"o":{"a":0,"k":100,"ix":7},"sk":{"a":0,"k":0,"ix":4,"x":"var $bm_rt;\nvar enable, amp, freq, decay, n, t, v;\ntry {\n    $bm_rt = enable = effect('Excite - Skew - Transform')('Pseudo/BNCA2506f0b33-0001');\n    if (enable == 0) {\n        $bm_rt = value;\n    } else {\n        amp = $bm_div(effect('Excite - Skew - Transform')('Pseudo/BNCA2506f0b33-0003'), 2.5);\n        freq = $bm_div(effect('Excite - Skew - Transform')('Pseudo/BNCA2506f0b33-0004'), 20);\n        decay = $bm_div(effect('Excite - Skew - Transform')('Pseudo/BNCA2506f0b33-0005'), 20);\n        n = 0, 0 < numKeys && (n = nearestKey(time).index, key(n).time > time && n--), t = 0 === n ? 0 : $bm_sub(time, key(n).time), $bm_rt = 0 < n ? (v = velocityAtTime($bm_sub(key(n).time, $bm_div(thisComp.frameDuration, 10))), $bm_sum(value, $bm_div($bm_mul($bm_mul($bm_div(v, 100), amp), Math.sin($bm_mul($bm_mul($bm_mul(freq, t), 2), Math.PI))), Math.exp($bm_mul(decay, t))))) : value;\n    }\n} catch (err) {\n    $bm_rt = value = value;\n}"},"sa":{"a":0,"k":0,"ix":5},"nm":"Transform"}],"nm":"Shape 1","np":3,"cix":2,"bm":0,"ix":1,"mn":"ADBE Vector Group","hd":false},{"ty":"tm","s":{"a":1,"k":[{"i":{"x":[0.5],"y":[1]},"o":{"x":[0.5],"y":[0]},"t":42,"s":[100]},{"t":58,"s":[0]}],"ix":1},"e":{"a":0,"k":100,"ix":2},"o":{"a":0,"k":0,"ix":3},"m":1,"ix":2,"nm":"Trim Paths 1","mn":"ADBE Vector Filter - Trim","hd":false}],"ip":0,"op":1800,"st":0,"bm":0},{"ddd":0,"ind":2,"ty":4,"nm":"circle - stroke","sr":1,"ks":{"o":{"a":1,"k":[{"i":{"x":[0.833],"y":[0.833]},"o":{"x":[0.167],"y":[0.167]},"t":35,"s":[100]},{"t":36,"s":[0]}],"ix":11},"r":{"a":0,"k":0,"ix":10},"p":{"a":0,"k":[617.721,614.58,0],"ix":2},"a":{"a":0,"k":[0,0,0],"ix":1},"s":{"a":0,"k":[100,100,100],"ix":6}},"ao":0,"shapes":[{"ty":"gr","it":[{"ind":0,"ty":"sh","ix":1,"ks":{"a":0,"k":{"i":[[172.277,0],[0,-172.277],[-172.277,0],[0,172.277]],"o":[[-172.277,0],[0,172.277],[172.277,0],[0,-172.277]],"v":[[0,-311.936],[-311.936,0],[0,311.936],[311.936,0]],"c":true},"ix":2},"nm":"Path 1","mn":"ADBE Vector Shape - Group","hd":false},{"ty":"st","c":{"a":0,"k":[0.156862745098,0.321568627451,0.478431372549,1],"ix":3},"o":{"a":0,"k":100,"ix":4},"w":{"a":0,"k":45,"ix":5},"lc":1,"lj":1,"ml":4,"bm":0,"nm":"Stroke 1","mn":"ADBE Vector Graphic - Stroke","hd":false},{"ty":"tr","p":{"a":0,"k":[-17.721,-14.58],"ix":2},"a":{"a":0,"k":[0,0],"ix":1},"s":{"a":0,"k":[130.536,130.536],"ix":3},"r":{"a":0,"k":0,"ix":6},"o":{"a":0,"k":100,"ix":7},"sk":{"a":0,"k":0,"ix":4},"sa":{"a":0,"k":0,"ix":5},"nm":"Transform"}],"nm":"Ellipse 1","np":3,"cix":2,"bm":0,"ix":1,"mn":"ADBE Vector Group","hd":false},{"ty":"tm","s":{"a":1,"k":[{"i":{"x":[0.5],"y":[1]},"o":{"x":[0.5],"y":[0]},"t":0,"s":[100]},{"t":23,"s":[0]}],"ix":1},"e":{"a":0,"k":100,"ix":2},"o":{"a":0,"k":0,"ix":3},"m":2,"ix":2,"nm":"Trim Paths 1","mn":"ADBE Vector Filter - Trim","hd":false}],"ip":0,"op":1800,"st":0,"bm":0},{"ddd":0,"ind":3,"ty":4,"nm":"circle - bg","sr":1,"ks":{"o":{"a":0,"k":100,"ix":11},"r":{"a":0,"k":0,"ix":10},"p":{"a":0,"k":[600.528,600.434,0],"ix":2},"a":{"a":0,"k":[-17.721,-14.58,0],"ix":1},"s":{"a":1,"k":[{"i":{"x":[0.5,0.5,0.5],"y":[1,1,1]},"o":{"x":[0.5,0.5,0.5],"y":[0,0,0]},"t":19,"s":[0,0,100]},{"i":{"x":[0.667,0.667,0.667],"y":[1,1,1]},"o":{"x":[0.5,0.5,0.5],"y":[0,0,0]},"t":33,"s":[115,115,100]},{"i":{"x":[0.833,0.833,0.833],"y":[1,1,1]},"o":{"x":[0.167,0.167,0.167],"y":[0,0,0]},"t":40,"s":[95,95,100]},{"t":45,"s":[105,105,100]}],"ix":6}},"ao":0,"shapes":[{"ty":"gr","it":[{"ind":0,"ty":"sh","ix":1,"ks":{"a":0,"k":{"i":[[172.277,0],[0,-172.277],[-172.277,0],[0,172.277]],"o":[[-172.277,0],[0,172.277],[172.277,0],[0,-172.277]],"v":[[0,-311.936],[-311.936,0],[0,311.936],[311.936,0]],"c":true},"ix":2},"nm":"Path 1","mn":"ADBE Vector Shape - Group","hd":false},{"ty":"fl","c":{"a":0,"k":[0.156862745098,0.321568627451,0.478431372549,1],"ix":4},"o":{"a":0,"k":100,"ix":5},"r":1,"bm":0,"nm":"Fill 1","mn":"ADBE Vector Graphic - Fill","hd":false},{"ty":"tr","p":{"a":0,"k":[-17.721,-14.58],"ix":2},"a":{"a":0,"k":[0,0],"ix":1},"s":{"a":0,"k":[130.536,130.536],"ix":3},"r":{"a":0,"k":0,"ix":6},"o":{"a":0,"k":100,"ix":7},"sk":{"a":0,"k":0,"ix":4},"sa":{"a":0,"k":0,"ix":5},"nm":"Transform"}],"nm":"Ellipse 1","np":3,"cix":2,"bm":0,"ix":1,"mn":"ADBE Vector Group","hd":false}],"ip":0,"op":1800,"st":0,"bm":0},{"ddd":0,"ind":4,"ty":4,"nm":"burst","sr":1,"ks":{"o":{"a":0,"k":100,"ix":11},"r":{"a":0,"k":0,"ix":10},"p":{"a":0,"k":[612.759,610.498,0],"ix":2},"a":{"a":0,"k":[0,0,0],"ix":1},"s":{"a":0,"k":[72,72,100],"ix":6}},"ao":0,"shapes":[{"ty":"gr","it":[{"ind":0,"ty":"sh","ix":1,"ks":{"a":0,"k":{"i":[[172.277,0],[0,-172.277],[-172.277,0],[0,172.277]],"o":[[-172.277,0],[0,172.277],[172.277,0],[0,-172.277]],"v":[[0,-311.936],[-311.936,0],[0,311.936],[311.936,0]],"c":true},"ix":2},"nm":"Path 1","mn":"ADBE Vector Shape - Group","hd":false},{"ty":"st","c":{"a":0,"k":[0.156862745098,0.321568627451,0.478431372549,1],"ix":3},"o":{"a":0,"k":100,"ix":4},"w":{"a":1,"k":[{"i":{"x":[0.5],"y":[1]},"o":{"x":[0.5],"y":[0]},"t":30,"s":[40]},{"t":68,"s":[0]}],"ix":5},"lc":2,"lj":1,"ml":4,"bm":0,"d":[{"n":"d","nm":"dash","v":{"a":0,"k":0,"ix":1}},{"n":"g","nm":"gap","v":{"a":0,"k":0,"ix":2}},{"n":"o","nm":"offset","v":{"a":0,"k":0,"ix":7}}],"nm":"Stroke 1","mn":"ADBE Vector Graphic - Stroke","hd":false},{"ty":"tr","p":{"a":0,"k":[-17.721,-14.58],"ix":2},"a":{"a":0,"k":[0,0],"ix":1},"s":{"a":1,"k":[{"i":{"x":[0.5,0.5],"y":[1,1]},"o":{"x":[0.5,0.5],"y":[0,0]},"t":26,"s":[167.536,167.536]},{"t":68,"s":[251.536,251.536]}],"ix":3},"r":{"a":0,"k":0,"ix":6},"o":{"a":1,"k":[{"i":{"x":[0.833],"y":[0.833]},"o":{"x":[0.167],"y":[0.167]},"t":26,"s":[0]},{"t":34,"s":[100]}],"ix":7},"sk":{"a":0,"k":0,"ix":4},"sa":{"a":0,"k":0,"ix":5},"nm":"Transform"}],"nm":"Ellipse 1","np":3,"cix":2,"bm":0,"ix":1,"mn":"ADBE Vector Group","hd":false}],"ip":0,"op":1800,"st":0,"bm":0}]}],"layers":[{"ddd":0,"ind":1,"ty":0,"nm":"5","refId":"comp_0","sr":1,"ks":{"o":{"a":0,"k":100,"ix":11},"r":{"a":0,"k":0,"ix":10},"p":{"a":0,"k":[92,595,0],"ix":2},"a":{"a":0,"k":[600,600,0],"ix":1},"s":{"a":0,"k":[5.7,5.7,100],"ix":6}},"ao":0,"w":1200,"h":1200,"ip":632,"op":2432,"st":632,"bm":0},{"ddd":0,"ind":2,"ty":0,"nm":"4","refId":"comp_0","sr":1,"ks":{"o":{"a":0,"k":100,"ix":11},"r":{"a":0,"k":0,"ix":10},"p":{"a":0,"k":[92,464.75,0],"ix":2},"a":{"a":0,"k":[600,600,0],"ix":1},"s":{"a":0,"k":[5.7,5.7,100],"ix":6}},"ao":0,"w":1200,"h":1200,"ip":473,"op":2273,"st":473,"bm":0},{"ddd":0,"ind":3,"ty":0,"nm":"3","refId":"comp_0","sr":1,"ks":{"o":{"a":0,"k":100,"ix":11},"r":{"a":0,"k":0,"ix":10},"p":{"a":0,"k":[92,335,0],"ix":2},"a":{"a":0,"k":[600,600,0],"ix":1},"s":{"a":0,"k":[5.7,5.7,100],"ix":6}},"ao":0,"w":1200,"h":1200,"ip":311,"op":2111,"st":311,"bm":0},{"ddd":0,"ind":4,"ty":0,"nm":"2","refId":"comp_0","sr":1,"ks":{"o":{"a":0,"k":100,"ix":11},"r":{"a":0,"k":0,"ix":10},"p":{"a":0,"k":[92,205,0],"ix":2},"a":{"a":0,"k":[600,600,0],"ix":1},"s":{"a":0,"k":[5.7,5.7,100],"ix":6}},"ao":0,"w":1200,"h":1200,"ip":148,"op":1948,"st":148,"bm":0},{"ddd":0,"ind":5,"ty":0,"nm":"1","refId":"comp_0","sr":1,"ks":{"o":{"a":0,"k":100,"ix":11},"r":{"a":0,"k":0,"ix":10},"p":{"a":0,"k":[92,74.75,0],"ix":2},"a":{"a":0,"k":[600,600,0],"ix":1},"s":{"a":0,"k":[5.7,5.7,100],"ix":6}},"ao":0,"w":1200,"h":1200,"ip":6,"op":1806,"st":6,"bm":0},{"ddd":0,"ind":10,"ty":4,"nm":"Grey 1","sr":1,"ks":{"o":{"a":0,"k":100,"ix":11},"r":{"a":0,"k":0,"ix":10},"p":{"a":0,"k":[92.012,74.75,0],"ix":2},"a":{"a":0,"k":[25,25,0],"ix":1},"s":{"a":0,"k":[100,100,100],"ix":6}},"ao":0,"shapes":[{"ty":"gr","it":[{"ind":0,"ty":"sh","ix":1,"ks":{"a":0,"k":{"i":[[0,0],[0,0],[0,0],[0,0],[0,0],[0,0]],"o":[[0,0],[0,0],[0,0],[0,0],[0,0],[0,0]],"v":[[-2.221,-4.835],[-2.221,-6.938],[2.221,-6.938],[2.221,6.938],[-0.137,6.938],[-0.137,-4.835]],"c":true},"ix":2},"nm":"Path 1","mn":"ADBE Vector Shape - Group","hd":false},{"ty":"fl","c":{"a":1,"k":[{"i":{"x":[0.833],"y":[0.833]},"o":{"x":[0.167],"y":[0.167]},"t":0,"s":[0.701960784314,0.701960784314,0.701960784314,1]},{"t":10,"s":[0.156862750649,0.321568638086,0.478431373835,1]}],"ix":4},"o":{"a":0,"k":100,"ix":5},"r":1,"bm":0,"nm":"Fill 1","mn":"ADBE Vector Graphic - Fill","hd":false},{"ty":"tr","p":{"a":0,"k":[24.46,25.174],"ix":2},"a":{"a":0,"k":[0,0],"ix":1},"s":{"a":0,"k":[100,100],"ix":3},"r":{"a":0,"k":0,"ix":6},"o":{"a":0,"k":100,"ix":7},"sk":{"a":0,"k":0,"ix":4},"sa":{"a":0,"k":0,"ix":5},"nm":"Transform"}],"nm":"Group 1","np":2,"cix":2,"bm":0,"ix":1,"mn":"ADBE Vector Group","hd":false},{"ty":"gr","it":[{"ind":0,"ty":"sh","ix":1,"ks":{"a":0,"k":{"i":[[-12.703,0],[0,-12.703],[12.703,0],[0,12.703]],"o":[[12.703,0],[0,12.703],[-12.703,0],[0,-12.703]],"v":[[0,-23],[23,0],[0,23],[-23,0]],"c":true},"ix":2},"nm":"Path 1","mn":"ADBE Vector Shape - Group","hd":false},{"ty":"st","c":{"a":0,"k":[0.701960784314,0.701960784314,0.701960784314,1],"ix":3},"o":{"a":0,"k":100,"ix":4},"w":{"a":0,"k":2,"ix":5},"lc":1,"lj":1,"ml":4,"bm":0,"nm":"Stroke 1","mn":"ADBE Vector Graphic - Stroke","hd":false},{"ty":"fl","c":{"a":0,"k":[1,1,1,1],"ix":4},"o":{"a":0,"k":100,"ix":5},"r":1,"bm":0,"nm":"Fill 1","mn":"ADBE Vector Graphic - Fill","hd":false},{"ty":"tr","p":{"a":0,"k":[25,25],"ix":2},"a":{"a":0,"k":[0,0],"ix":1},"s":{"a":0,"k":[100,100],"ix":3},"r":{"a":0,"k":0,"ix":6},"o":{"a":0,"k":100,"ix":7},"sk":{"a":0,"k":0,"ix":4},"sa":{"a":0,"k":0,"ix":5},"nm":"Transform"}],"nm":"Group 2","np":3,"cix":2,"bm":0,"ix":2,"mn":"ADBE Vector Group","hd":false}],"ip":0,"op":1177,"st":0,"bm":0},{"ddd":0,"ind":12,"ty":4,"nm":"Grey 5","sr":1,"ks":{"o":{"a":0,"k":100,"ix":11},"r":{"a":0,"k":0,"ix":10},"p":{"a":0,"k":[91.719,595.084,0],"ix":2},"a":{"a":0,"k":[25,25,0],"ix":1},"s":{"a":0,"k":[100,100,100],"ix":6}},"ao":0,"shapes":[{"ty":"gr","it":[{"ind":0,"ty":"sh","ix":1,"ks":{"a":0,"k":{"i":[[0,0],[0,0],[0,0],[-0.577,0.242],[-0.696,0],[-0.643,-0.412],[-0.308,-0.682],[0,-0.826],[0.812,-0.898],[1.546,0],[0.892,0.774],[0.079,1.285],[0,0],[-0.466,-0.406],[-0.72,0],[-0.446,0.537],[0,0.892],[0.458,0.478],[0.852,0],[0.452,-0.262],[0.209,-0.433],[0,0],[0,0],[0,0]],"o":[[0,0],[0,0],[0.314,-0.406],[0.577,-0.242],[0.969,0],[0.641,0.413],[0.307,0.681],[0,1.455],[-0.813,0.897],[-1.455,0],[-0.891,-0.773],[0,0],[0.118,0.708],[0.465,0.407],[0.891,0],[0.446,-0.537],[0,-0.837],[-0.459,-0.478],[-0.603,0],[-0.452,0.262],[0,0],[0,0],[0,0],[0,0]],"v":[[4.177,-5.1],[-2.682,-5.1],[-2.682,-0.973],[-1.346,-1.946],[0.561,-2.309],[2.978,-1.691],[4.403,-0.049],[4.864,2.211],[3.646,5.739],[0.109,7.085],[-3.41,5.925],[-4.864,2.839],[-2.663,2.839],[-1.788,4.51],[-0.01,5.12],[1.995,4.314],[2.663,2.171],[1.976,0.196],[0.01,-0.521],[-1.572,-0.128],[-2.564,0.914],[-4.746,0.914],[-4.746,-7.085],[4.177,-7.085]],"c":true},"ix":2},"nm":"Path 1","mn":"ADBE Vector Shape - Group","hd":false},{"ty":"fl","c":{"a":1,"k":[{"i":{"x":[0.833],"y":[0.833]},"o":{"x":[0.167],"y":[0.167]},"t":631,"s":[0.702000038297,0.702000038297,0.702000038297,1]},{"t":641,"s":[0.156862750649,0.321568638086,0.478431373835,1]}],"ix":4},"o":{"a":0,"k":100,"ix":5},"r":1,"bm":0,"nm":"Fill 1","mn":"ADBE Vector Graphic - Fill","hd":false},{"ty":"tr","p":{"a":0,"k":[25.324,25.106],"ix":2},"a":{"a":0,"k":[0,0],"ix":1},"s":{"a":0,"k":[100,100],"ix":3},"r":{"a":0,"k":0,"ix":6},"o":{"a":0,"k":100,"ix":7},"sk":{"a":0,"k":0,"ix":4},"sa":{"a":0,"k":0,"ix":5},"nm":"Transform"}],"nm":"Group 1","np":2,"cix":2,"bm":0,"ix":1,"mn":"ADBE Vector Group","hd":false},{"ty":"gr","it":[{"ind":0,"ty":"sh","ix":1,"ks":{"a":0,"k":{"i":[[-12.703,0],[0,-12.702],[12.703,0],[0,12.702]],"o":[[12.703,0],[0,12.702],[-12.703,0],[0,-12.702]],"v":[[0,-23],[23,0],[0,23],[-23,0]],"c":true},"ix":2},"nm":"Path 1","mn":"ADBE Vector Shape - Group","hd":false},{"ty":"st","c":{"a":0,"k":[0.702000038297,0.702000038297,0.702000038297,1],"ix":3},"o":{"a":0,"k":100,"ix":4},"w":{"a":0,"k":2,"ix":5},"lc":1,"lj":1,"ml":4,"bm":0,"nm":"Stroke 1","mn":"ADBE Vector Graphic - Stroke","hd":false},{"ty":"fl","c":{"a":0,"k":[1,1,1,1],"ix":4},"o":{"a":0,"k":100,"ix":5},"r":1,"bm":0,"nm":"Fill 1","mn":"ADBE Vector Graphic - Fill","hd":false},{"ty":"tr","p":{"a":0,"k":[25,25],"ix":2},"a":{"a":0,"k":[0,0],"ix":1},"s":{"a":0,"k":[100,100],"ix":3},"r":{"a":0,"k":0,"ix":6},"o":{"a":0,"k":100,"ix":7},"sk":{"a":0,"k":0,"ix":4},"sa":{"a":0,"k":0,"ix":5},"nm":"Transform"}],"nm":"Group 2","np":3,"cix":2,"bm":0,"ix":2,"mn":"ADBE Vector Group","hd":false}],"ip":0,"op":1177,"st":0,"bm":0},{"ddd":0,"ind":14,"ty":4,"nm":"Grey 4","sr":1,"ks":{"o":{"a":0,"k":100,"ix":11},"r":{"a":0,"k":0,"ix":10},"p":{"a":0,"k":[91.719,464.515,0],"ix":2},"a":{"a":0,"k":[25,25,0],"ix":1},"s":{"a":0,"k":[100,100,100],"ix":6}},"ao":0,"shapes":[{"ty":"gr","it":[{"ind":0,"ty":"sh","ix":1,"ks":{"a":0,"k":{"i":[[0,0],[0,0],[0,0]],"o":[[0,0],[0,0],[0,0]],"v":[[1.572,-4.324],[-3.302,2.044],[1.572,2.044]],"c":true},"ix":2},"nm":"Path 1","mn":"ADBE Vector Shape - Group","hd":false},{"ind":1,"ty":"sh","ix":2,"ks":{"a":0,"k":{"i":[[0,0],[0,0],[0,0],[0,0],[0,0],[0,0],[0,0],[0,0],[0,0],[0,0],[0,0]],"o":[[0,0],[0,0],[0,0],[0,0],[0,0],[0,0],[0,0],[0,0],[0,0],[0,0],[0,0]],"v":[[-5.621,4.009],[-5.621,2.122],[1.277,-6.996],[3.675,-6.996],[3.675,2.044],[5.621,2.044],[5.621,4.009],[3.675,4.009],[3.675,6.996],[1.415,6.996],[1.415,4.009]],"c":true},"ix":2},"nm":"Path 2","mn":"ADBE Vector Shape - Group","hd":false},{"ty":"mm","mm":1,"nm":"Merge Paths 1","mn":"ADBE Vector Filter - Merge","hd":false},{"ty":"fl","c":{"a":1,"k":[{"i":{"x":[0.833],"y":[0.833]},"o":{"x":[0.167],"y":[0.167]},"t":467,"s":[0.702000038297,0.702000038297,0.702000038297,1]},{"t":477,"s":[0.156862750649,0.321568638086,0.478431373835,1]}],"ix":4},"o":{"a":0,"k":100,"ix":5},"r":1,"bm":0,"nm":"Fill 1","mn":"ADBE Vector Graphic - Fill","hd":false},{"ty":"tr","p":{"a":0,"k":[25.068,25.116],"ix":2},"a":{"a":0,"k":[0,0],"ix":1},"s":{"a":0,"k":[100,100],"ix":3},"r":{"a":0,"k":0,"ix":6},"o":{"a":0,"k":100,"ix":7},"sk":{"a":0,"k":0,"ix":4},"sa":{"a":0,"k":0,"ix":5},"nm":"Transform"}],"nm":"Group 1","np":4,"cix":2,"bm":0,"ix":1,"mn":"ADBE Vector Group","hd":false},{"ty":"gr","it":[{"ind":0,"ty":"sh","ix":1,"ks":{"a":0,"k":{"i":[[-12.703,0],[0,-12.702],[12.703,0],[0,12.703]],"o":[[12.703,0],[0,12.703],[-12.703,0],[0,-12.702]],"v":[[0,-23],[23,0],[0,23],[-23,0]],"c":true},"ix":2},"nm":"Path 1","mn":"ADBE Vector Shape - Group","hd":false},{"ty":"st","c":{"a":0,"k":[0.702000038297,0.702000038297,0.702000038297,1],"ix":3},"o":{"a":0,"k":100,"ix":4},"w":{"a":0,"k":2,"ix":5},"lc":1,"lj":1,"ml":4,"bm":0,"nm":"Stroke 1","mn":"ADBE Vector Graphic - Stroke","hd":false},{"ty":"fl","c":{"a":0,"k":[1,1,1,1],"ix":4},"o":{"a":0,"k":100,"ix":5},"r":1,"bm":0,"nm":"Fill 1","mn":"ADBE Vector Graphic - Fill","hd":false},{"ty":"tr","p":{"a":0,"k":[25,25],"ix":2},"a":{"a":0,"k":[0,0],"ix":1},"s":{"a":0,"k":[100,100],"ix":3},"r":{"a":0,"k":0,"ix":6},"o":{"a":0,"k":100,"ix":7},"sk":{"a":0,"k":0,"ix":4},"sa":{"a":0,"k":0,"ix":5},"nm":"Transform"}],"nm":"Group 2","np":3,"cix":2,"bm":0,"ix":2,"mn":"ADBE Vector Group","hd":false}],"ip":0,"op":1177,"st":0,"bm":0},{"ddd":0,"ind":16,"ty":4,"nm":"Grey 3","sr":1,"ks":{"o":{"a":0,"k":100,"ix":11},"r":{"a":0,"k":0,"ix":10},"p":{"a":0,"k":[91.719,334.885,0],"ix":2},"a":{"a":0,"k":[25,25,0],"ix":1},"s":{"a":0,"k":[100,100,100],"ix":6}},"ao":0,"shapes":[{"ty":"gr","it":[{"ind":0,"ty":"sh","ix":1,"ks":{"a":0,"k":{"i":[[-0.655,-0.321],[-0.334,-0.562],[0,-0.694],[0.492,-0.583],[0.89,-0.118],[0,0],[-0.544,-0.543],[0,-0.957],[0.773,-0.727],[1.441,0],[0.904,0.754],[0.131,1.481],[0,0],[-0.484,-0.464],[-0.826,0],[-0.413,0.406],[0,0.642],[0.597,0.407],[1.126,0],[0,0],[0,0],[0,0],[0,1.48],[0.394,0.367],[0.682,0],[0.459,-0.413],[0.092,-0.786],[0,0],[-0.827,0.754],[-1.455,0]],"o":[[0.655,0.321],[0.334,0.564],[0,0.878],[-0.491,0.583],[0,0],[0.956,0.274],[0.543,0.544],[0,1.166],[-0.772,0.727],[-1.481,0],[-0.904,-0.753],[0,0],[0.078,0.787],[0.485,0.465],[0.773,0],[0.414,-0.406],[0,-0.773],[-0.596,-0.405],[0,0],[0,0],[0,0],[2.135,0.027],[0,-0.642],[-0.392,-0.366],[-0.682,0],[-0.459,0.413],[0,0],[0.091,-1.362],[0.825,-0.752],[0.917,0]],"v":[[2.564,-6.742],[4.048,-5.415],[4.549,-3.529],[3.812,-1.337],[1.739,-0.285],[1.739,-0.186],[3.99,1.04],[4.805,3.292],[3.645,6.132],[0.324,7.223],[-3.253,6.091],[-4.805,2.741],[-2.584,2.741],[-1.74,4.617],[0.226,5.316],[2.004,4.707],[2.624,3.134],[1.729,1.365],[-0.855,0.757],[-1.386,0.757],[-1.386,-1.091],[-0.855,-1.091],[2.348,-3.272],[1.758,-4.786],[0.147,-5.336],[-1.563,-4.717],[-2.388,-2.919],[-4.589,-2.919],[-3.213,-6.094],[0.206,-7.223]],"c":true},"ix":2},"nm":"Path 1","mn":"ADBE Vector Shape - Group","hd":false},{"ty":"fl","c":{"a":1,"k":[{"i":{"x":[0.833],"y":[0.833]},"o":{"x":[0.167],"y":[0.167]},"t":309,"s":[0.702000038297,0.702000038297,0.702000038297,1]},{"t":319,"s":[0.156862750649,0.321568638086,0.478431403637,1]}],"ix":4},"o":{"a":0,"k":100,"ix":5},"r":1,"bm":0,"nm":"Fill 1","mn":"ADBE Vector Graphic - Fill","hd":false},{"ty":"tr","p":{"a":0,"k":[24.853,25.028],"ix":2},"a":{"a":0,"k":[0,0],"ix":1},"s":{"a":0,"k":[100,100],"ix":3},"r":{"a":0,"k":0,"ix":6},"o":{"a":0,"k":100,"ix":7},"sk":{"a":0,"k":0,"ix":4},"sa":{"a":0,"k":0,"ix":5},"nm":"Transform"}],"nm":"Group 1","np":2,"cix":2,"bm":0,"ix":1,"mn":"ADBE Vector Group","hd":false},{"ty":"gr","it":[{"ind":0,"ty":"sh","ix":1,"ks":{"a":0,"k":{"i":[[-12.703,0],[0,-12.702],[12.703,0],[0,12.702]],"o":[[12.703,0],[0,12.702],[-12.703,0],[0,-12.702]],"v":[[0,-23],[23,0],[0,23],[-23,0]],"c":true},"ix":2},"nm":"Path 1","mn":"ADBE Vector Shape - Group","hd":false},{"ty":"st","c":{"a":0,"k":[0.702000038297,0.702000038297,0.702000038297,1],"ix":3},"o":{"a":0,"k":100,"ix":4},"w":{"a":0,"k":2,"ix":5},"lc":1,"lj":1,"ml":4,"bm":0,"nm":"Stroke 1","mn":"ADBE Vector Graphic - Stroke","hd":false},{"ty":"fl","c":{"a":0,"k":[1,1,1,1],"ix":4},"o":{"a":0,"k":100,"ix":5},"r":1,"bm":0,"nm":"Fill 1","mn":"ADBE Vector Graphic - Fill","hd":false},{"ty":"tr","p":{"a":0,"k":[25,25],"ix":2},"a":{"a":0,"k":[0,0],"ix":1},"s":{"a":0,"k":[100,100],"ix":3},"r":{"a":0,"k":0,"ix":6},"o":{"a":0,"k":100,"ix":7},"sk":{"a":0,"k":0,"ix":4},"sa":{"a":0,"k":0,"ix":5},"nm":"Transform"}],"nm":"Group 2","np":3,"cix":2,"bm":0,"ix":2,"mn":"ADBE Vector Group","hd":false}],"ip":0,"op":1177,"st":0,"bm":0},{"ddd":0,"ind":18,"ty":4,"nm":"Grey 2","sr":1,"ks":{"o":{"a":0,"k":100,"ix":11},"r":{"a":0,"k":0,"ix":10},"p":{"a":0,"k":[91.719,204.88,0],"ix":2},"a":{"a":0,"k":[25,25,0],"ix":1},"s":{"a":0,"k":[100,100,100],"ix":6}},"ao":0,"shapes":[{"ty":"gr","it":[{"ind":0,"ty":"sh","ix":1,"ks":{"a":0,"k":{"i":[[-1.277,1.396],[0,1.193],[0.347,0.419],[0.772,0],[0.406,-0.516],[0.051,-0.957],[0,0],[-0.884,0.839],[-1.376,0],[-0.766,-0.714],[0,-1.258],[0.622,-1.035],[0.956,-0.871],[1.023,-0.629],[0,0],[0,0],[0,0],[0,0]],"o":[[1.278,-1.396],[0,-0.707],[-0.347,-0.42],[-0.8,0],[-0.406,0.519],[0,0],[0.092,-1.586],[0.885,-0.837],[1.348,0],[0.767,0.715],[0,1.009],[-0.622,1.035],[-0.956,0.871],[0,0],[0,0],[0,0],[0,0],[2.122,-1.454]],"v":[[0.285,1.09],[2.202,-2.792],[1.681,-4.48],[0.001,-5.109],[-1.808,-4.335],[-2.495,-2.122],[-4.677,-2.122],[-3.213,-5.759],[0.178,-7.017],[3.351,-5.945],[4.501,-2.987],[3.567,0.078],[1.199,2.939],[-1.769,5.189],[4.815,5.189],[4.815,7.017],[-4.815,7.017],[-4.815,5.365]],"c":true},"ix":2},"nm":"Path 1","mn":"ADBE Vector Shape - Group","hd":false},{"ty":"fl","c":{"a":1,"k":[{"i":{"x":[0.833],"y":[0.833]},"o":{"x":[0.167],"y":[0.167]},"t":145,"s":[0.702000038297,0.702000038297,0.702000038297,1]},{"t":155,"s":[0.156862750649,0.321568638086,0.478431403637,1]}],"ix":4},"o":{"a":0,"k":100,"ix":5},"r":1,"bm":0,"nm":"Fill 1","mn":"ADBE Vector Graphic - Fill","hd":false},{"ty":"tr","p":{"a":0,"k":[25.029,24.997],"ix":2},"a":{"a":0,"k":[0,0],"ix":1},"s":{"a":0,"k":[100,100],"ix":3},"r":{"a":0,"k":0,"ix":6},"o":{"a":0,"k":100,"ix":7},"sk":{"a":0,"k":0,"ix":4},"sa":{"a":0,"k":0,"ix":5},"nm":"Transform"}],"nm":"Group 1","np":2,"cix":2,"bm":0,"ix":1,"mn":"ADBE Vector Group","hd":false},{"ty":"gr","it":[{"ind":0,"ty":"sh","ix":1,"ks":{"a":0,"k":{"i":[[-12.703,0],[0,-12.703],[12.703,0],[0,12.702]],"o":[[12.703,0],[0,12.702],[-12.703,0],[0,-12.703]],"v":[[0,-23],[23,0],[0,23],[-23,0]],"c":true},"ix":2},"nm":"Path 1","mn":"ADBE Vector Shape - Group","hd":false},{"ty":"st","c":{"a":0,"k":[0.702000038297,0.702000038297,0.702000038297,1],"ix":3},"o":{"a":0,"k":100,"ix":4},"w":{"a":0,"k":2,"ix":5},"lc":1,"lj":1,"ml":4,"bm":0,"nm":"Stroke 1","mn":"ADBE Vector Graphic - Stroke","hd":false},{"ty":"fl","c":{"a":0,"k":[1,1,1,1],"ix":4},"o":{"a":0,"k":100,"ix":5},"r":1,"bm":0,"nm":"Fill 1","mn":"ADBE Vector Graphic - Fill","hd":false},{"ty":"tr","p":{"a":0,"k":[25,25],"ix":2},"a":{"a":0,"k":[0,0],"ix":1},"s":{"a":0,"k":[100,100],"ix":3},"r":{"a":0,"k":0,"ix":6},"o":{"a":0,"k":100,"ix":7},"sk":{"a":0,"k":0,"ix":4},"sa":{"a":0,"k":0,"ix":5},"nm":"Transform"}],"nm":"Group 2","np":3,"cix":2,"bm":0,"ix":2,"mn":"ADBE Vector Group","hd":false}],"ip":0,"op":1177,"st":0,"bm":0},{"ddd":0,"ind":20,"ty":4,"nm":"Fill Line","sr":1,"ks":{"o":{"a":0,"k":100,"ix":11},"r":{"a":0,"k":0,"ix":10},"p":{"a":0,"k":[91.719,336.481,0],"ix":2},"a":{"a":0,"k":[1,245,0],"ix":1},"s":{"a":0,"k":[100,100,100],"ix":6}},"ao":0,"shapes":[{"ty":"gr","it":[{"ind":0,"ty":"sh","ix":1,"ks":{"a":0,"k":{"i":[[0,0],[0,0]],"o":[[0,0],[0,0]],"v":[[1,1],[1,489]],"c":false},"ix":2},"nm":"Path 1","mn":"ADBE Vector Shape - Group","hd":false},{"ty":"st","c":{"a":0,"k":[0.156862745098,0.321568627451,0.478431402468,1],"ix":3},"o":{"a":0,"k":100,"ix":4},"w":{"a":0,"k":3.5,"ix":5},"lc":1,"lj":1,"ml":4,"bm":0,"nm":"Stroke 1","mn":"ADBE Vector Graphic - Stroke","hd":false},{"ty":"tr","p":{"a":0,"k":[0,0],"ix":2},"a":{"a":0,"k":[0,0],"ix":1},"s":{"a":0,"k":[100,100],"ix":3},"r":{"a":0,"k":0,"ix":6},"o":{"a":0,"k":100,"ix":7},"sk":{"a":0,"k":0,"ix":4},"sa":{"a":0,"k":0,"ix":5},"nm":"Transform"}],"nm":"Group 1","np":2,"cix":2,"bm":0,"ix":1,"mn":"ADBE Vector Group","hd":false},{"ty":"gr","it":[{"ind":0,"ty":"sh","ix":1,"ks":{"a":0,"k":{"i":[[0,0],[0,0]],"o":[[0,0],[0,0]],"v":[[1,489],[1,1]],"c":true},"ix":2},"nm":"Path 1","mn":"ADBE Vector Shape - Group","hd":false},{"ty":"tr","p":{"a":0,"k":[0,0],"ix":2},"a":{"a":0,"k":[0,0],"ix":1},"s":{"a":0,"k":[100,100],"ix":3},"r":{"a":0,"k":0,"ix":6},"o":{"a":0,"k":100,"ix":7},"sk":{"a":0,"k":0,"ix":4},"sa":{"a":0,"k":0,"ix":5},"nm":"Transform"}],"nm":"Group 2","np":2,"cix":2,"bm":0,"ix":2,"mn":"ADBE Vector Group","hd":false},{"ty":"tm","s":{"a":0,"k":0,"ix":1},"e":{"a":1,"k":[{"i":{"x":[0.667],"y":[1]},"o":{"x":[0.333],"y":[0]},"t":48,"s":[0]},{"i":{"x":[0.833],"y":[1]},"o":{"x":[0.167],"y":[0]},"t":198,"s":[25]},{"i":{"x":[0.833],"y":[1]},"o":{"x":[0.167],"y":[0]},"t":348,"s":[50]},{"i":{"x":[0.833],"y":[1]},"o":{"x":[0.167],"y":[0]},"t":498,"s":[75]},{"t":648,"s":[100]}],"ix":2},"o":{"a":0,"k":0,"ix":3},"m":1,"ix":3,"nm":"Trim Paths 1","mn":"ADBE Vector Filter - Trim","hd":false}],"ip":0,"op":1177,"st":0,"bm":0},{"ddd":0,"ind":21,"ty":4,"nm":"Gray Line","sr":1,"ks":{"o":{"a":0,"k":100,"ix":11},"r":{"a":0,"k":0,"ix":10},"p":{"a":0,"k":[91.719,336.481,0],"ix":2},"a":{"a":0,"k":[1,245,0],"ix":1},"s":{"a":0,"k":[100,100,100],"ix":6}},"ao":0,"shapes":[{"ty":"gr","it":[{"ind":0,"ty":"sh","ix":1,"ks":{"a":0,"k":{"i":[[0,0],[0,0]],"o":[[0,0],[0,0]],"v":[[1,1],[1,489]],"c":false},"ix":2},"nm":"Path 1","mn":"ADBE Vector Shape - Group","hd":false},{"ty":"st","c":{"a":0,"k":[0.702000038297,0.702000038297,0.702000038297,1],"ix":3},"o":{"a":0,"k":100,"ix":4},"w":{"a":0,"k":2,"ix":5},"lc":1,"lj":1,"ml":4,"bm":0,"nm":"Stroke 1","mn":"ADBE Vector Graphic - Stroke","hd":false},{"ty":"tr","p":{"a":0,"k":[0,0],"ix":2},"a":{"a":0,"k":[0,0],"ix":1},"s":{"a":0,"k":[100,100],"ix":3},"r":{"a":0,"k":0,"ix":6},"o":{"a":0,"k":100,"ix":7},"sk":{"a":0,"k":0,"ix":4},"sa":{"a":0,"k":0,"ix":5},"nm":"Transform"}],"nm":"Group 1","np":2,"cix":2,"bm":0,"ix":1,"mn":"ADBE Vector Group","hd":false},{"ty":"gr","it":[{"ind":0,"ty":"sh","ix":1,"ks":{"a":0,"k":{"i":[[0,0],[0,0]],"o":[[0,0],[0,0]],"v":[[1,489],[1,1]],"c":true},"ix":2},"nm":"Path 1","mn":"ADBE Vector Shape - Group","hd":false},{"ty":"fl","c":{"a":0,"k":[1,1,1,1],"ix":4},"o":{"a":0,"k":100,"ix":5},"r":1,"bm":0,"nm":"Fill 1","mn":"ADBE Vector Graphic - Fill","hd":false},{"ty":"tr","p":{"a":0,"k":[0,0],"ix":2},"a":{"a":0,"k":[0,0],"ix":1},"s":{"a":0,"k":[100,100],"ix":3},"r":{"a":0,"k":0,"ix":6},"o":{"a":0,"k":100,"ix":7},"sk":{"a":0,"k":0,"ix":4},"sa":{"a":0,"k":0,"ix":5},"nm":"Transform"}],"nm":"Group 2","np":2,"cix":2,"bm":0,"ix":2,"mn":"ADBE Vector Group","hd":false}],"ip":0,"op":1177,"st":0,"bm":0}],"markers":[]}