{"v":"5.7.3","fr":60,"ip":0,"op":782,"w":436,"h":660,"nm":"Progress Bar","ddd":0,"assets":[{"id":"comp_0","layers":[{"ddd":0,"ind":1,"ty":4,"nm":"check","sr":1,"ks":{"o":{"a":0,"k":100,"ix":11},"r":{"a":0,"k":0,"ix":10},"p":{"a":0,"k":[575.25,603.465,0],"ix":2},"a":{"a":0,"k":[0,0,0],"ix":1},"s":{"a":0,"k":[100,100,100],"ix":6}},"ao":0,"ef":[{"ty":5,"nm":"Excite - Skew - Transform","np":8,"mn":"Pseudo/BNCA2506f0b33","ix":1,"en":1,"ef":[{"ty":7,"nm":"Enable","mn":"Pseudo/BNCA2506f0b33-0001","ix":1,"v":{"a":0,"k":1,"ix":1}},{"ty":6,"nm":"Properties","mn":"Pseudo/BNCA2506f0b33-0002","ix":2,"v":0},{"ty":0,"nm":"Overshoot","mn":"Pseudo/BNCA2506f0b33-0003","ix":3,"v":{"a":0,"k":10,"ix":3,"x":"var $bm_rt;\n$bm_rt = clamp(value, 0, 100);"}},{"ty":0,"nm":"Bounce","mn":"Pseudo/BNCA2506f0b33-0004","ix":4,"v":{"a":0,"k":15,"ix":4,"x":"var $bm_rt;\n$bm_rt = clamp(value, 0, 100);"}},{"ty":0,"nm":"Friction","mn":"Pseudo/BNCA2506f0b33-0005","ix":5,"v":{"a":0,"k":40,"ix":5,"x":"var $bm_rt;\n$bm_rt = clamp(value, 0, 100);"}},{"ty":6,"nm":"","mn":"Pseudo/BNCA2506f0b33-0006","ix":6,"v":0}]},{"ty":5,"nm":"Excite - Scale - Transform","np":8,"mn":"Pseudo/BNCA2506f0b33","ix":2,"en":1,"ef":[{"ty":7,"nm":"Enable","mn":"Pseudo/BNCA2506f0b33-0001","ix":1,"v":{"a":0,"k":1,"ix":1}},{"ty":6,"nm":"Properties","mn":"Pseudo/BNCA2506f0b33-0002","ix":2,"v":0},{"ty":0,"nm":"Overshoot","mn":"Pseudo/BNCA2506f0b33-0003","ix":3,"v":{"a":0,"k":10,"ix":3,"x":"var $bm_rt;\n$bm_rt = clamp(value, 0, 100);"}},{"ty":0,"nm":"Bounce","mn":"Pseudo/BNCA2506f0b33-0004","ix":4,"v":{"a":0,"k":15,"ix":4,"x":"var $bm_rt;\n$bm_rt = clamp(value, 0, 100);"}},{"ty":0,"nm":"Friction","mn":"Pseudo/BNCA2506f0b33-0005","ix":5,"v":{"a":0,"k":40,"ix":5,"x":"var $bm_rt;\n$bm_rt = clamp(value, 0, 100);"}},{"ty":6,"nm":"","mn":"Pseudo/BNCA2506f0b33-0006","ix":6,"v":0}]},{"ty":5,"nm":"Excite - Position - Transform","np":8,"mn":"Pseudo/BNCA2506f0b33","ix":3,"en":1,"ef":[{"ty":7,"nm":"Enable","mn":"Pseudo/BNCA2506f0b33-0001","ix":1,"v":{"a":0,"k":1,"ix":1}},{"ty":6,"nm":"Properties","mn":"Pseudo/BNCA2506f0b33-0002","ix":2,"v":0},{"ty":0,"nm":"Overshoot","mn":"Pseudo/BNCA2506f0b33-0003","ix":3,"v":{"a":0,"k":10,"ix":3,"x":"var $bm_rt;\n$bm_rt = clamp(value, 0, 100);"}},{"ty":0,"nm":"Bounce","mn":"Pseudo/BNCA2506f0b33-0004","ix":4,"v":{"a":0,"k":15,"ix":4,"x":"var $bm_rt;\n$bm_rt = clamp(value, 0, 100);"}},{"ty":0,"nm":"Friction","mn":"Pseudo/BNCA2506f0b33-0005","ix":5,"v":{"a":0,"k":40,"ix":5,"x":"var $bm_rt;\n$bm_rt = clamp(value, 0, 100);"}},{"ty":6,"nm":"","mn":"Pseudo/BNCA2506f0b33-0006","ix":6,"v":0}]},{"ty":5,"nm":"Excite - Anchor Point - Transform","np":8,"mn":"Pseudo/BNCA2506f0b33","ix":4,"en":1,"ef":[{"ty":7,"nm":"Enable","mn":"Pseudo/BNCA2506f0b33-0001","ix":1,"v":{"a":0,"k":1,"ix":1}},{"ty":6,"nm":"Properties","mn":"Pseudo/BNCA2506f0b33-0002","ix":2,"v":0},{"ty":0,"nm":"Overshoot","mn":"Pseudo/BNCA2506f0b33-0003","ix":3,"v":{"a":0,"k":10,"ix":3,"x":"var $bm_rt;\n$bm_rt = clamp(value, 0, 100);"}},{"ty":0,"nm":"Bounce","mn":"Pseudo/BNCA2506f0b33-0004","ix":4,"v":{"a":0,"k":15,"ix":4,"x":"var $bm_rt;\n$bm_rt = clamp(value, 0, 100);"}},{"ty":0,"nm":"Friction","mn":"Pseudo/BNCA2506f0b33-0005","ix":5,"v":{"a":0,"k":40,"ix":5,"x":"var $bm_rt;\n$bm_rt = clamp(value, 0, 100);"}},{"ty":6,"nm":"","mn":"Pseudo/BNCA2506f0b33-0006","ix":6,"v":0}]}],"shapes":[{"ty":"gr","it":[{"ind":0,"ty":"sh","ix":1,"ks":{"a":0,"k":{"i":[[0,0],[0,0],[0,0]],"o":[[0,0],[0,0],[0,0]],"v":[[214,-137],[-68,130],[-164,34]],"c":false},"ix":2},"nm":"Path 1","mn":"ADBE Vector Shape - Group","hd":false},{"ty":"st","c":{"a":0,"k":[0.156862745098,0.321568627451,0.478431402468,1],"ix":3},"o":{"a":0,"k":100,"ix":4},"w":{"a":0,"k":56,"ix":5},"lc":2,"lj":2,"bm":0,"nm":"Stroke 1","mn":"ADBE Vector Graphic - Stroke","hd":false},{"ty":"tr","p":{"a":0,"k":[0,0],"ix":2,"x":"var $bm_rt;\nvar enable, amp, freq, decay, n, t, v;\ntry {\n    $bm_rt = enable = effect('Excite - Position - Transform')('Pseudo/BNCA2506f0b33-0001');\n    if (enable == 0) {\n        $bm_rt = value;\n    } else {\n        amp = $bm_div(effect('Excite - Position - Transform')('Pseudo/BNCA2506f0b33-0003'), 2.5);\n        freq = $bm_div(effect('Excite - Position - Transform')('Pseudo/BNCA2506f0b33-0004'), 20);\n        decay = $bm_div(effect('Excite - Position - Transform')('Pseudo/BNCA2506f0b33-0005'), 20);\n        n = 0, 0 < numKeys && (n = nearestKey(time).index, key(n).time > time && n--), t = 0 === n ? 0 : $bm_sub(time, key(n).time), $bm_rt = 0 < n ? (v = velocityAtTime($bm_sub(key(n).time, $bm_div(thisComp.frameDuration, 10))), $bm_sum(value, $bm_div($bm_mul($bm_mul($bm_div(v, 100), amp), Math.sin($bm_mul($bm_mul($bm_mul(freq, t), 2), Math.PI))), Math.exp($bm_mul(decay, t))))) : value;\n    }\n} catch (err) {\n    $bm_rt = value = value;\n}"},"a":{"a":0,"k":[0,0],"ix":1,"x":"var $bm_rt;\nvar enable, amp, freq, decay, n, t, v;\ntry {\n    $bm_rt = enable = effect('Excite - Anchor Point - Transform')('Pseudo/BNCA2506f0b33-0001');\n    if (enable == 0) {\n        $bm_rt = value;\n    } else {\n        amp = $bm_div(effect('Excite - Anchor Point - Transform')('Pseudo/BNCA2506f0b33-0003'), 2.5);\n        freq = $bm_div(effect('Excite - Anchor Point - Transform')('Pseudo/BNCA2506f0b33-0004'), 20);\n        decay = $bm_div(effect('Excite - Anchor Point - Transform')('Pseudo/BNCA2506f0b33-0005'), 20);\n        n = 0, 0 < numKeys && (n = nearestKey(time).index, key(n).time > time && n--), t = 0 === n ? 0 : $bm_sub(time, key(n).time), $bm_rt = 0 < n ? (v = velocityAtTime($bm_sub(key(n).time, $bm_div(thisComp.frameDuration, 10))), $bm_sum(value, $bm_div($bm_mul($bm_mul($bm_div(v, 100), amp), Math.sin($bm_mul($bm_mul($bm_mul(freq, t), 2), Math.PI))), Math.exp($bm_mul(decay, t))))) : value;\n    }\n} catch (err) {\n    $bm_rt = value = value;\n}"},"s":{"a":0,"k":[99,99],"ix":3,"x":"var $bm_rt;\nvar enable, amp, freq, decay, n, t, v;\ntry {\n    $bm_rt = enable = effect('Excite - Scale - Transform')('Pseudo/BNCA2506f0b33-0001');\n    if (enable == 0) {\n        $bm_rt = value;\n    } else {\n        amp = $bm_div(effect('Excite - Scale - Transform')('Pseudo/BNCA2506f0b33-0003'), 2.5);\n        freq = $bm_div(effect('Excite - Scale - Transform')('Pseudo/BNCA2506f0b33-0004'), 20);\n        decay = $bm_div(effect('Excite - Scale - Transform')('Pseudo/BNCA2506f0b33-0005'), 20);\n        n = 0, 0 < numKeys && (n = nearestKey(time).index, key(n).time > time && n--), t = 0 === n ? 0 : $bm_sub(time, key(n).time), $bm_rt = 0 < n ? (v = velocityAtTime($bm_sub(key(n).time, $bm_div(thisComp.frameDuration, 10))), $bm_sum(value, $bm_div($bm_mul($bm_mul($bm_div(v, 100), amp), Math.sin($bm_mul($bm_mul($bm_mul(freq, t), 2), Math.PI))), Math.exp($bm_mul(decay, t))))) : value;\n    }\n} catch (err) {\n    $bm_rt = value = value;\n}"},"r":{"a":0,"k":0,"ix":6},"o":{"a":0,"k":100,"ix":7},"sk":{"a":0,"k":0,"ix":4,"x":"var $bm_rt;\nvar enable, amp, freq, decay, n, t, v;\ntry {\n    $bm_rt = enable = effect('Excite - Skew - Transform')('Pseudo/BNCA2506f0b33-0001');\n    if (enable == 0) {\n        $bm_rt = value;\n    } else {\n        amp = $bm_div(effect('Excite - Skew - Transform')('Pseudo/BNCA2506f0b33-0003'), 2.5);\n        freq = $bm_div(effect('Excite - Skew - Transform')('Pseudo/BNCA2506f0b33-0004'), 20);\n        decay = $bm_div(effect('Excite - Skew - Transform')('Pseudo/BNCA2506f0b33-0005'), 20);\n        n = 0, 0 < numKeys && (n = nearestKey(time).index, key(n).time > time && n--), t = 0 === n ? 0 : $bm_sub(time, key(n).time), $bm_rt = 0 < n ? (v = velocityAtTime($bm_sub(key(n).time, $bm_div(thisComp.frameDuration, 10))), $bm_sum(value, $bm_div($bm_mul($bm_mul($bm_div(v, 100), amp), Math.sin($bm_mul($bm_mul($bm_mul(freq, t), 2), Math.PI))), Math.exp($bm_mul(decay, t))))) : value;\n    }\n} catch (err) {\n    $bm_rt = value = value;\n}"},"sa":{"a":0,"k":0,"ix":5},"nm":"Transform"}],"nm":"Shape 1","np":3,"cix":2,"bm":0,"ix":1,"mn":"ADBE Vector Group","hd":false},{"ty":"tm","s":{"a":1,"k":[{"i":{"x":[0.5],"y":[1]},"o":{"x":[0.5],"y":[0]},"t":42,"s":[100]},{"t":58,"s":[0]}],"ix":1},"e":{"a":0,"k":100,"ix":2},"o":{"a":0,"k":0,"ix":3},"m":1,"ix":2,"nm":"Trim Paths 1","mn":"ADBE Vector Filter - Trim","hd":false}],"ip":0,"op":1800,"st":0,"bm":0},{"ddd":0,"ind":2,"ty":4,"nm":"circle - stroke","sr":1,"ks":{"o":{"a":1,"k":[{"i":{"x":[0.833],"y":[0.833]},"o":{"x":[0.167],"y":[0.167]},"t":35,"s":[100]},{"t":36,"s":[0]}],"ix":11},"r":{"a":0,"k":0,"ix":10},"p":{"a":0,"k":[617.721,614.58,0],"ix":2},"a":{"a":0,"k":[0,0,0],"ix":1},"s":{"a":0,"k":[100,100,100],"ix":6}},"ao":0,"shapes":[{"ty":"gr","it":[{"ind":0,"ty":"sh","ix":1,"ks":{"a":0,"k":{"i":[[172.277,0],[0,-172.277],[-172.277,0],[0,172.277]],"o":[[-172.277,0],[0,172.277],[172.277,0],[0,-172.277]],"v":[[0,-311.936],[-311.936,0],[0,311.936],[311.936,0]],"c":true},"ix":2},"nm":"Path 1","mn":"ADBE Vector Shape - Group","hd":false},{"ty":"st","c":{"a":0,"k":[1,1,1,1],"ix":3},"o":{"a":0,"k":100,"ix":4},"w":{"a":0,"k":45,"ix":5},"lc":1,"lj":1,"ml":4,"bm":0,"nm":"Stroke 1","mn":"ADBE Vector Graphic - Stroke","hd":false},{"ty":"tr","p":{"a":0,"k":[-17.721,-14.58],"ix":2},"a":{"a":0,"k":[0,0],"ix":1},"s":{"a":0,"k":[130.536,130.536],"ix":3},"r":{"a":0,"k":0,"ix":6},"o":{"a":0,"k":100,"ix":7},"sk":{"a":0,"k":0,"ix":4},"sa":{"a":0,"k":0,"ix":5},"nm":"Transform"}],"nm":"Ellipse 1","np":3,"cix":2,"bm":0,"ix":1,"mn":"ADBE Vector Group","hd":false},{"ty":"tm","s":{"a":1,"k":[{"i":{"x":[0.5],"y":[1]},"o":{"x":[0.5],"y":[0]},"t":0,"s":[100]},{"t":23,"s":[0]}],"ix":1},"e":{"a":0,"k":100,"ix":2},"o":{"a":0,"k":0,"ix":3},"m":2,"ix":2,"nm":"Trim Paths 1","mn":"ADBE Vector Filter - Trim","hd":false}],"ip":0,"op":1800,"st":0,"bm":0},{"ddd":0,"ind":3,"ty":4,"nm":"circle - bg","sr":1,"ks":{"o":{"a":0,"k":100,"ix":11},"r":{"a":0,"k":0,"ix":10},"p":{"a":0,"k":[600.528,600.434,0],"ix":2},"a":{"a":0,"k":[-17.721,-14.58,0],"ix":1},"s":{"a":1,"k":[{"i":{"x":[0.5,0.5,0.5],"y":[1,1,1]},"o":{"x":[0.5,0.5,0.5],"y":[0,0,0]},"t":19,"s":[0,0,100]},{"i":{"x":[0.667,0.667,0.667],"y":[1,1,1]},"o":{"x":[0.5,0.5,0.5],"y":[0,0,0]},"t":33,"s":[115,115,100]},{"i":{"x":[0.833,0.833,0.833],"y":[1,1,1]},"o":{"x":[0.167,0.167,0.167],"y":[0,0,0]},"t":40,"s":[95,95,100]},{"t":45,"s":[105,105,100]}],"ix":6}},"ao":0,"shapes":[{"ty":"gr","it":[{"ind":0,"ty":"sh","ix":1,"ks":{"a":0,"k":{"i":[[172.277,0],[0,-172.277],[-172.277,0],[0,172.277]],"o":[[-172.277,0],[0,172.277],[172.277,0],[0,-172.277]],"v":[[0,-311.936],[-311.936,0],[0,311.936],[311.936,0]],"c":true},"ix":2},"nm":"Path 1","mn":"ADBE Vector Shape - Group","hd":false},{"ty":"fl","c":{"a":0,"k":[1,1,1,1],"ix":4},"o":{"a":0,"k":100,"ix":5},"r":1,"bm":0,"nm":"Fill 1","mn":"ADBE Vector Graphic - Fill","hd":false},{"ty":"tr","p":{"a":0,"k":[-17.721,-14.58],"ix":2},"a":{"a":0,"k":[0,0],"ix":1},"s":{"a":0,"k":[130.536,130.536],"ix":3},"r":{"a":0,"k":0,"ix":6},"o":{"a":0,"k":100,"ix":7},"sk":{"a":0,"k":0,"ix":4},"sa":{"a":0,"k":0,"ix":5},"nm":"Transform"}],"nm":"Ellipse 1","np":3,"cix":2,"bm":0,"ix":1,"mn":"ADBE Vector Group","hd":false}],"ip":0,"op":1800,"st":0,"bm":0},{"ddd":0,"ind":4,"ty":4,"nm":"burst","sr":1,"ks":{"o":{"a":0,"k":100,"ix":11},"r":{"a":0,"k":0,"ix":10},"p":{"a":0,"k":[612.759,610.498,0],"ix":2},"a":{"a":0,"k":[0,0,0],"ix":1},"s":{"a":0,"k":[72,72,100],"ix":6}},"ao":0,"shapes":[{"ty":"gr","it":[{"ind":0,"ty":"sh","ix":1,"ks":{"a":0,"k":{"i":[[172.277,0],[0,-172.277],[-172.277,0],[0,172.277]],"o":[[-172.277,0],[0,172.277],[172.277,0],[0,-172.277]],"v":[[0,-311.936],[-311.936,0],[0,311.936],[311.936,0]],"c":true},"ix":2},"nm":"Path 1","mn":"ADBE Vector Shape - Group","hd":false},{"ty":"st","c":{"a":0,"k":[1,1,1,1],"ix":3},"o":{"a":0,"k":100,"ix":4},"w":{"a":1,"k":[{"i":{"x":[0.5],"y":[1]},"o":{"x":[0.5],"y":[0]},"t":30,"s":[40]},{"t":68,"s":[0]}],"ix":5},"lc":2,"lj":1,"ml":4,"bm":0,"d":[{"n":"d","nm":"dash","v":{"a":0,"k":0,"ix":1}},{"n":"g","nm":"gap","v":{"a":0,"k":0,"ix":2}},{"n":"o","nm":"offset","v":{"a":0,"k":0,"ix":7}}],"nm":"Stroke 1","mn":"ADBE Vector Graphic - Stroke","hd":false},{"ty":"tr","p":{"a":0,"k":[-17.721,-14.58],"ix":2},"a":{"a":0,"k":[0,0],"ix":1},"s":{"a":1,"k":[{"i":{"x":[0.5,0.5],"y":[1,1]},"o":{"x":[0.5,0.5],"y":[0,0]},"t":26,"s":[167.536,167.536]},{"t":68,"s":[251.536,251.536]}],"ix":3},"r":{"a":0,"k":0,"ix":6},"o":{"a":1,"k":[{"i":{"x":[0.833],"y":[0.833]},"o":{"x":[0.167],"y":[0.167]},"t":26,"s":[0]},{"t":34,"s":[100]}],"ix":7},"sk":{"a":0,"k":0,"ix":4},"sa":{"a":0,"k":0,"ix":5},"nm":"Transform"}],"nm":"Ellipse 1","np":3,"cix":2,"bm":0,"ix":1,"mn":"ADBE Vector Group","hd":false}],"ip":0,"op":1800,"st":0,"bm":0}]}],"fonts":{"list":[{"fName":"Poppins-SemiBold","fFamily":"Poppins","fStyle":"SemiBold","ascent":73.9990234375}]},"layers":[{"ddd":0,"ind":1,"ty":5,"nm":"Numerical Reasoning","sr":1,"ks":{"o":{"a":1,"k":[{"i":{"x":[0.833],"y":[0.833]},"o":{"x":[0.167],"y":[0.167]},"t":629,"s":[40]},{"t":639,"s":[100]}],"ix":11},"r":{"a":0,"k":0,"ix":10},"p":{"a":0,"k":[227.011,590.868,0],"ix":2},"a":{"a":0,"k":[88.511,-4.632,0],"ix":1},"s":{"a":0,"k":[100,100,100],"ix":6}},"ao":0,"t":{"d":{"k":[{"s":{"s":18,"f":"Poppins-SemiBold","t":"Numerical Reasoning","j":0,"tr":0,"lh":21.6,"ls":0,"fc":[1,1,1]},"t":0}]},"p":{},"m":{"g":1,"a":{"a":0,"k":[0,0],"ix":2}},"a":[]},"ip":0,"op":1200,"st":0,"bm":0},{"ddd":0,"ind":2,"ty":5,"nm":"Deductive Reasoning","sr":1,"ks":{"o":{"a":1,"k":[{"i":{"x":[0.833],"y":[0.833]},"o":{"x":[0.167],"y":[0.167]},"t":466,"s":[40]},{"t":476,"s":[100]}],"ix":11},"r":{"a":0,"k":0,"ix":10},"p":{"a":0,"k":[227.011,460.868,0],"ix":2},"a":{"a":0,"k":[88.511,-4.632,0],"ix":1},"s":{"a":0,"k":[100,100,100],"ix":6}},"ao":0,"t":{"d":{"k":[{"s":{"s":18,"f":"Poppins-SemiBold","t":"Deductive Reasoning","j":0,"tr":0,"lh":21.6,"ls":0,"fc":[1,1,1]},"t":0}]},"p":{},"m":{"g":1,"a":{"a":0,"k":[0,0],"ix":2}},"a":[]},"ip":0,"op":1200,"st":0,"bm":0},{"ddd":0,"ind":3,"ty":5,"nm":"Cognitive ability","sr":1,"ks":{"o":{"a":1,"k":[{"i":{"x":[0.833],"y":[0.833]},"o":{"x":[0.167],"y":[0.167]},"t":312,"s":[40]},{"t":322,"s":[100]}],"ix":11},"r":{"a":0,"k":0,"ix":10},"p":{"a":0,"k":[227.011,330.868,0],"ix":2},"a":{"a":0,"k":[88.511,-4.632,0],"ix":1},"s":{"a":0,"k":[100,100,100],"ix":6}},"ao":0,"t":{"d":{"k":[{"s":{"s":18,"f":"Poppins-SemiBold","t":"Cognitive ability","j":0,"tr":0,"lh":21.6,"ls":0,"fc":[1,1,1]},"t":0}]},"p":{},"m":{"g":1,"a":{"a":0,"k":[0,0],"ix":2}},"a":[]},"ip":0,"op":1200,"st":0,"bm":0},{"ddd":0,"ind":4,"ty":5,"nm":"Pattern recognition","sr":1,"ks":{"o":{"a":1,"k":[{"i":{"x":[0.833],"y":[0.833]},"o":{"x":[0.167],"y":[0.167]},"t":146,"s":[40]},{"t":156,"s":[100]}],"ix":11},"r":{"a":0,"k":0,"ix":10},"p":{"a":0,"k":[227.011,201.368,0],"ix":2},"a":{"a":0,"k":[88.511,-4.632,0],"ix":1},"s":{"a":0,"k":[100,100,100],"ix":6}},"ao":0,"t":{"d":{"k":[{"s":{"s":18,"f":"Poppins-SemiBold","t":"Pattern recognition","j":0,"tr":0,"lh":21.6,"ls":0,"fc":[1,1,1]},"t":0}]},"p":{},"m":{"g":1,"a":{"a":0,"k":[0,0],"ix":2}},"a":[]},"ip":0,"op":1200,"st":0,"bm":0},{"ddd":0,"ind":5,"ty":5,"nm":"Abstract reasoning","sr":1,"ks":{"o":{"a":0,"k":100,"ix":11},"r":{"a":0,"k":0,"ix":10},"p":{"a":0,"k":[225.164,71.986,0],"ix":2},"a":{"a":0,"k":[86.664,-4.514,0],"ix":1},"s":{"a":0,"k":[100,100,100],"ix":6}},"ao":0,"t":{"d":{"k":[{"s":{"s":18,"f":"Poppins-SemiBold","t":"Abstract reasoning","j":0,"tr":0,"lh":21.6,"ls":0,"fc":[1,1,1]},"t":0}]},"p":{},"m":{"g":1,"a":{"a":0,"k":[0,0],"ix":2}},"a":[]},"ip":0,"op":1200,"st":0,"bm":0},{"ddd":0,"ind":6,"ty":0,"nm":"5","refId":"comp_0","sr":1,"ks":{"o":{"a":0,"k":100,"ix":11},"r":{"a":0,"k":0,"ix":10},"p":{"a":0,"k":[82,591,0],"ix":2},"a":{"a":0,"k":[600,600,0],"ix":1},"s":{"a":0,"k":[5.7,5.7,100],"ix":6}},"ao":0,"w":1200,"h":1200,"ip":632,"op":2432,"st":632,"bm":0},{"ddd":0,"ind":7,"ty":0,"nm":"4","refId":"comp_0","sr":1,"ks":{"o":{"a":0,"k":100,"ix":11},"r":{"a":0,"k":0,"ix":10},"p":{"a":0,"k":[82,460.75,0],"ix":2},"a":{"a":0,"k":[600,600,0],"ix":1},"s":{"a":0,"k":[5.7,5.7,100],"ix":6}},"ao":0,"w":1200,"h":1200,"ip":473,"op":2273,"st":473,"bm":0},{"ddd":0,"ind":8,"ty":0,"nm":"3","refId":"comp_0","sr":1,"ks":{"o":{"a":0,"k":100,"ix":11},"r":{"a":0,"k":0,"ix":10},"p":{"a":0,"k":[82,331,0],"ix":2},"a":{"a":0,"k":[600,600,0],"ix":1},"s":{"a":0,"k":[5.7,5.7,100],"ix":6}},"ao":0,"w":1200,"h":1200,"ip":311,"op":2111,"st":311,"bm":0},{"ddd":0,"ind":9,"ty":0,"nm":"2","refId":"comp_0","sr":1,"ks":{"o":{"a":0,"k":100,"ix":11},"r":{"a":0,"k":0,"ix":10},"p":{"a":0,"k":[82,201,0],"ix":2},"a":{"a":0,"k":[600,600,0],"ix":1},"s":{"a":0,"k":[5.7,5.7,100],"ix":6}},"ao":0,"w":1200,"h":1200,"ip":148,"op":1948,"st":148,"bm":0},{"ddd":0,"ind":10,"ty":0,"nm":"1","refId":"comp_0","sr":1,"ks":{"o":{"a":0,"k":100,"ix":11},"r":{"a":0,"k":0,"ix":10},"p":{"a":0,"k":[82,70.75,0],"ix":2},"a":{"a":0,"k":[600,600,0],"ix":1},"s":{"a":0,"k":[5.7,5.7,100],"ix":6}},"ao":0,"w":1200,"h":1200,"ip":6,"op":1806,"st":6,"bm":0},{"ddd":0,"ind":15,"ty":4,"nm":"Grey 1","sr":1,"ks":{"o":{"a":0,"k":100,"ix":11},"r":{"a":0,"k":0,"ix":10},"p":{"a":0,"k":[82.012,70.75,0],"ix":2},"a":{"a":0,"k":[25,25,0],"ix":1},"s":{"a":0,"k":[100,100,100],"ix":6}},"ao":0,"shapes":[{"ty":"gr","it":[{"ind":0,"ty":"sh","ix":1,"ks":{"a":0,"k":{"i":[[0,0],[0,0],[0,0],[0,0],[0,0],[0,0]],"o":[[0,0],[0,0],[0,0],[0,0],[0,0],[0,0]],"v":[[-2.221,-4.835],[-2.221,-6.938],[2.221,-6.938],[2.221,6.938],[-0.137,6.938],[-0.137,-4.835]],"c":true},"ix":2},"nm":"Path 1","mn":"ADBE Vector Shape - Group","hd":false},{"ty":"fl","c":{"a":1,"k":[{"i":{"x":[0.833],"y":[0.833]},"o":{"x":[0.167],"y":[0.167]},"t":0,"s":[0.494117647059,0.592156862745,0.686274509804,1]},{"t":10,"s":[1,1,1,1]}],"ix":4},"o":{"a":0,"k":100,"ix":5},"r":1,"bm":0,"nm":"Fill 1","mn":"ADBE Vector Graphic - Fill","hd":false},{"ty":"tr","p":{"a":0,"k":[24.46,25.174],"ix":2},"a":{"a":0,"k":[0,0],"ix":1},"s":{"a":0,"k":[100,100],"ix":3},"r":{"a":0,"k":0,"ix":6},"o":{"a":0,"k":100,"ix":7},"sk":{"a":0,"k":0,"ix":4},"sa":{"a":0,"k":0,"ix":5},"nm":"Transform"}],"nm":"Group 1","np":2,"cix":2,"bm":0,"ix":1,"mn":"ADBE Vector Group","hd":false},{"ty":"gr","it":[{"ind":0,"ty":"sh","ix":1,"ks":{"a":0,"k":{"i":[[-12.703,0],[0,-12.703],[12.703,0],[0,12.703]],"o":[[12.703,0],[0,12.703],[-12.703,0],[0,-12.703]],"v":[[0,-23],[23,0],[0,23],[-23,0]],"c":true},"ix":2},"nm":"Path 1","mn":"ADBE Vector Shape - Group","hd":false},{"ty":"st","c":{"a":0,"k":[0.494117647059,0.592156862745,0.686274509804,1],"ix":3},"o":{"a":0,"k":100,"ix":4},"w":{"a":0,"k":2,"ix":5},"lc":1,"lj":1,"ml":4,"bm":0,"nm":"Stroke 1","mn":"ADBE Vector Graphic - Stroke","hd":false},{"ty":"fl","c":{"a":0,"k":[0.156862745098,0.321568627451,0.478431402468,1],"ix":4},"o":{"a":0,"k":100,"ix":5},"r":1,"bm":0,"nm":"Fill 1","mn":"ADBE Vector Graphic - Fill","hd":false},{"ty":"tr","p":{"a":0,"k":[25,25],"ix":2},"a":{"a":0,"k":[0,0],"ix":1},"s":{"a":0,"k":[100,100],"ix":3},"r":{"a":0,"k":0,"ix":6},"o":{"a":0,"k":100,"ix":7},"sk":{"a":0,"k":0,"ix":4},"sa":{"a":0,"k":0,"ix":5},"nm":"Transform"}],"nm":"Group 2","np":3,"cix":2,"bm":0,"ix":2,"mn":"ADBE Vector Group","hd":false}],"ip":0,"op":1177,"st":0,"bm":0},{"ddd":0,"ind":17,"ty":4,"nm":"Grey 5","sr":1,"ks":{"o":{"a":0,"k":100,"ix":11},"r":{"a":0,"k":0,"ix":10},"p":{"a":0,"k":[81.719,591.084,0],"ix":2},"a":{"a":0,"k":[25,25,0],"ix":1},"s":{"a":0,"k":[100,100,100],"ix":6}},"ao":0,"shapes":[{"ty":"gr","it":[{"ind":0,"ty":"sh","ix":1,"ks":{"a":0,"k":{"i":[[0,0],[0,0],[0,0],[-0.577,0.242],[-0.696,0],[-0.643,-0.412],[-0.308,-0.682],[0,-0.826],[0.812,-0.898],[1.546,0],[0.892,0.774],[0.079,1.285],[0,0],[-0.466,-0.406],[-0.72,0],[-0.446,0.537],[0,0.892],[0.458,0.478],[0.852,0],[0.452,-0.262],[0.209,-0.433],[0,0],[0,0],[0,0]],"o":[[0,0],[0,0],[0.314,-0.406],[0.577,-0.242],[0.969,0],[0.641,0.413],[0.307,0.681],[0,1.455],[-0.813,0.897],[-1.455,0],[-0.891,-0.773],[0,0],[0.118,0.708],[0.465,0.407],[0.891,0],[0.446,-0.537],[0,-0.837],[-0.459,-0.478],[-0.603,0],[-0.452,0.262],[0,0],[0,0],[0,0],[0,0]],"v":[[4.177,-5.1],[-2.682,-5.1],[-2.682,-0.973],[-1.346,-1.946],[0.561,-2.309],[2.978,-1.691],[4.403,-0.049],[4.864,2.211],[3.646,5.739],[0.109,7.085],[-3.41,5.925],[-4.864,2.839],[-2.663,2.839],[-1.788,4.51],[-0.01,5.12],[1.995,4.314],[2.663,2.171],[1.976,0.196],[0.01,-0.521],[-1.572,-0.128],[-2.564,0.914],[-4.746,0.914],[-4.746,-7.085],[4.177,-7.085]],"c":true},"ix":2},"nm":"Path 1","mn":"ADBE Vector Shape - Group","hd":false},{"ty":"fl","c":{"a":1,"k":[{"i":{"x":[0.833],"y":[0.833]},"o":{"x":[0.167],"y":[0.167]},"t":631,"s":[0.494117647409,0.592156887054,0.686274528503,1]},{"t":641,"s":[1,1,1,1]}],"ix":4},"o":{"a":0,"k":100,"ix":5},"r":1,"bm":0,"nm":"Fill 1","mn":"ADBE Vector Graphic - Fill","hd":false},{"ty":"tr","p":{"a":0,"k":[25.324,25.106],"ix":2},"a":{"a":0,"k":[0,0],"ix":1},"s":{"a":0,"k":[100,100],"ix":3},"r":{"a":0,"k":0,"ix":6},"o":{"a":0,"k":100,"ix":7},"sk":{"a":0,"k":0,"ix":4},"sa":{"a":0,"k":0,"ix":5},"nm":"Transform"}],"nm":"Group 1","np":2,"cix":2,"bm":0,"ix":1,"mn":"ADBE Vector Group","hd":false},{"ty":"gr","it":[{"ind":0,"ty":"sh","ix":1,"ks":{"a":0,"k":{"i":[[-12.703,0],[0,-12.702],[12.703,0],[0,12.702]],"o":[[12.703,0],[0,12.702],[-12.703,0],[0,-12.702]],"v":[[0,-23],[23,0],[0,23],[-23,0]],"c":true},"ix":2},"nm":"Path 1","mn":"ADBE Vector Shape - Group","hd":false},{"ty":"st","c":{"a":0,"k":[0.494117647059,0.592156862745,0.686274509804,1],"ix":3},"o":{"a":0,"k":100,"ix":4},"w":{"a":0,"k":2,"ix":5},"lc":1,"lj":1,"ml":4,"bm":0,"nm":"Stroke 1","mn":"ADBE Vector Graphic - Stroke","hd":false},{"ty":"fl","c":{"a":0,"k":[0.156862745098,0.321568627451,0.478431402468,1],"ix":4},"o":{"a":0,"k":100,"ix":5},"r":1,"bm":0,"nm":"Fill 1","mn":"ADBE Vector Graphic - Fill","hd":false},{"ty":"tr","p":{"a":0,"k":[25,25],"ix":2},"a":{"a":0,"k":[0,0],"ix":1},"s":{"a":0,"k":[100,100],"ix":3},"r":{"a":0,"k":0,"ix":6},"o":{"a":0,"k":100,"ix":7},"sk":{"a":0,"k":0,"ix":4},"sa":{"a":0,"k":0,"ix":5},"nm":"Transform"}],"nm":"Group 2","np":3,"cix":2,"bm":0,"ix":2,"mn":"ADBE Vector Group","hd":false}],"ip":0,"op":1177,"st":0,"bm":0},{"ddd":0,"ind":19,"ty":4,"nm":"Grey 4","sr":1,"ks":{"o":{"a":0,"k":100,"ix":11},"r":{"a":0,"k":0,"ix":10},"p":{"a":0,"k":[81.719,460.515,0],"ix":2},"a":{"a":0,"k":[25,25,0],"ix":1},"s":{"a":0,"k":[100,100,100],"ix":6}},"ao":0,"shapes":[{"ty":"gr","it":[{"ind":0,"ty":"sh","ix":1,"ks":{"a":0,"k":{"i":[[0,0],[0,0],[0,0]],"o":[[0,0],[0,0],[0,0]],"v":[[1.572,-4.324],[-3.302,2.044],[1.572,2.044]],"c":true},"ix":2},"nm":"Path 1","mn":"ADBE Vector Shape - Group","hd":false},{"ind":1,"ty":"sh","ix":2,"ks":{"a":0,"k":{"i":[[0,0],[0,0],[0,0],[0,0],[0,0],[0,0],[0,0],[0,0],[0,0],[0,0],[0,0]],"o":[[0,0],[0,0],[0,0],[0,0],[0,0],[0,0],[0,0],[0,0],[0,0],[0,0],[0,0]],"v":[[-5.621,4.009],[-5.621,2.122],[1.277,-6.996],[3.675,-6.996],[3.675,2.044],[5.621,2.044],[5.621,4.009],[3.675,4.009],[3.675,6.996],[1.415,6.996],[1.415,4.009]],"c":true},"ix":2},"nm":"Path 2","mn":"ADBE Vector Shape - Group","hd":false},{"ty":"mm","mm":1,"nm":"Merge Paths 1","mn":"ADBE Vector Filter - Merge","hd":false},{"ty":"fl","c":{"a":1,"k":[{"i":{"x":[0.833],"y":[0.833]},"o":{"x":[0.167],"y":[0.167]},"t":467,"s":[0.494117647409,0.592156887054,0.686274528503,1]},{"t":477,"s":[1,1,1,1]}],"ix":4},"o":{"a":0,"k":100,"ix":5},"r":1,"bm":0,"nm":"Fill 1","mn":"ADBE Vector Graphic - Fill","hd":false},{"ty":"tr","p":{"a":0,"k":[25.068,25.116],"ix":2},"a":{"a":0,"k":[0,0],"ix":1},"s":{"a":0,"k":[100,100],"ix":3},"r":{"a":0,"k":0,"ix":6},"o":{"a":0,"k":100,"ix":7},"sk":{"a":0,"k":0,"ix":4},"sa":{"a":0,"k":0,"ix":5},"nm":"Transform"}],"nm":"Group 1","np":4,"cix":2,"bm":0,"ix":1,"mn":"ADBE Vector Group","hd":false},{"ty":"gr","it":[{"ind":0,"ty":"sh","ix":1,"ks":{"a":0,"k":{"i":[[-12.703,0],[0,-12.702],[12.703,0],[0,12.703]],"o":[[12.703,0],[0,12.703],[-12.703,0],[0,-12.702]],"v":[[0,-23],[23,0],[0,23],[-23,0]],"c":true},"ix":2},"nm":"Path 1","mn":"ADBE Vector Shape - Group","hd":false},{"ty":"st","c":{"a":0,"k":[0.494117647059,0.592156862745,0.686274509804,1],"ix":3},"o":{"a":0,"k":100,"ix":4},"w":{"a":0,"k":2,"ix":5},"lc":1,"lj":1,"ml":4,"bm":0,"nm":"Stroke 1","mn":"ADBE Vector Graphic - Stroke","hd":false},{"ty":"fl","c":{"a":0,"k":[0.156862745098,0.321568627451,0.478431402468,1],"ix":4},"o":{"a":0,"k":100,"ix":5},"r":1,"bm":0,"nm":"Fill 1","mn":"ADBE Vector Graphic - Fill","hd":false},{"ty":"tr","p":{"a":0,"k":[25,25],"ix":2},"a":{"a":0,"k":[0,0],"ix":1},"s":{"a":0,"k":[100,100],"ix":3},"r":{"a":0,"k":0,"ix":6},"o":{"a":0,"k":100,"ix":7},"sk":{"a":0,"k":0,"ix":4},"sa":{"a":0,"k":0,"ix":5},"nm":"Transform"}],"nm":"Group 2","np":3,"cix":2,"bm":0,"ix":2,"mn":"ADBE Vector Group","hd":false}],"ip":0,"op":1177,"st":0,"bm":0},{"ddd":0,"ind":21,"ty":4,"nm":"Grey 3","sr":1,"ks":{"o":{"a":0,"k":100,"ix":11},"r":{"a":0,"k":0,"ix":10},"p":{"a":0,"k":[81.719,330.885,0],"ix":2},"a":{"a":0,"k":[25,25,0],"ix":1},"s":{"a":0,"k":[100,100,100],"ix":6}},"ao":0,"shapes":[{"ty":"gr","it":[{"ind":0,"ty":"sh","ix":1,"ks":{"a":0,"k":{"i":[[-0.655,-0.321],[-0.334,-0.562],[0,-0.694],[0.492,-0.583],[0.89,-0.118],[0,0],[-0.544,-0.543],[0,-0.957],[0.773,-0.727],[1.441,0],[0.904,0.754],[0.131,1.481],[0,0],[-0.484,-0.464],[-0.826,0],[-0.413,0.406],[0,0.642],[0.597,0.407],[1.126,0],[0,0],[0,0],[0,0],[0,1.48],[0.394,0.367],[0.682,0],[0.459,-0.413],[0.092,-0.786],[0,0],[-0.827,0.754],[-1.455,0]],"o":[[0.655,0.321],[0.334,0.564],[0,0.878],[-0.491,0.583],[0,0],[0.956,0.274],[0.543,0.544],[0,1.166],[-0.772,0.727],[-1.481,0],[-0.904,-0.753],[0,0],[0.078,0.787],[0.485,0.465],[0.773,0],[0.414,-0.406],[0,-0.773],[-0.596,-0.405],[0,0],[0,0],[0,0],[2.135,0.027],[0,-0.642],[-0.392,-0.366],[-0.682,0],[-0.459,0.413],[0,0],[0.091,-1.362],[0.825,-0.752],[0.917,0]],"v":[[2.564,-6.742],[4.048,-5.415],[4.549,-3.529],[3.812,-1.337],[1.739,-0.285],[1.739,-0.186],[3.99,1.04],[4.805,3.292],[3.645,6.132],[0.324,7.223],[-3.253,6.091],[-4.805,2.741],[-2.584,2.741],[-1.74,4.617],[0.226,5.316],[2.004,4.707],[2.624,3.134],[1.729,1.365],[-0.855,0.757],[-1.386,0.757],[-1.386,-1.091],[-0.855,-1.091],[2.348,-3.272],[1.758,-4.786],[0.147,-5.336],[-1.563,-4.717],[-2.388,-2.919],[-4.589,-2.919],[-3.213,-6.094],[0.206,-7.223]],"c":true},"ix":2},"nm":"Path 1","mn":"ADBE Vector Shape - Group","hd":false},{"ty":"fl","c":{"a":1,"k":[{"i":{"x":[0.833],"y":[0.833]},"o":{"x":[0.167],"y":[0.167]},"t":309,"s":[0.494117647409,0.592156887054,0.686274528503,1]},{"t":319,"s":[1,1,1,1]}],"ix":4},"o":{"a":0,"k":100,"ix":5},"r":1,"bm":0,"nm":"Fill 1","mn":"ADBE Vector Graphic - Fill","hd":false},{"ty":"tr","p":{"a":0,"k":[24.853,25.028],"ix":2},"a":{"a":0,"k":[0,0],"ix":1},"s":{"a":0,"k":[100,100],"ix":3},"r":{"a":0,"k":0,"ix":6},"o":{"a":0,"k":100,"ix":7},"sk":{"a":0,"k":0,"ix":4},"sa":{"a":0,"k":0,"ix":5},"nm":"Transform"}],"nm":"Group 1","np":2,"cix":2,"bm":0,"ix":1,"mn":"ADBE Vector Group","hd":false},{"ty":"gr","it":[{"ind":0,"ty":"sh","ix":1,"ks":{"a":0,"k":{"i":[[-12.703,0],[0,-12.702],[12.703,0],[0,12.702]],"o":[[12.703,0],[0,12.702],[-12.703,0],[0,-12.702]],"v":[[0,-23],[23,0],[0,23],[-23,0]],"c":true},"ix":2},"nm":"Path 1","mn":"ADBE Vector Shape - Group","hd":false},{"ty":"st","c":{"a":0,"k":[0.494117647059,0.592156862745,0.686274509804,1],"ix":3},"o":{"a":0,"k":100,"ix":4},"w":{"a":0,"k":2,"ix":5},"lc":1,"lj":1,"ml":4,"bm":0,"nm":"Stroke 1","mn":"ADBE Vector Graphic - Stroke","hd":false},{"ty":"fl","c":{"a":0,"k":[0.156862745098,0.321568627451,0.478431402468,1],"ix":4},"o":{"a":0,"k":100,"ix":5},"r":1,"bm":0,"nm":"Fill 1","mn":"ADBE Vector Graphic - Fill","hd":false},{"ty":"tr","p":{"a":0,"k":[25,25],"ix":2},"a":{"a":0,"k":[0,0],"ix":1},"s":{"a":0,"k":[100,100],"ix":3},"r":{"a":0,"k":0,"ix":6},"o":{"a":0,"k":100,"ix":7},"sk":{"a":0,"k":0,"ix":4},"sa":{"a":0,"k":0,"ix":5},"nm":"Transform"}],"nm":"Group 2","np":3,"cix":2,"bm":0,"ix":2,"mn":"ADBE Vector Group","hd":false}],"ip":0,"op":1177,"st":0,"bm":0},{"ddd":0,"ind":23,"ty":4,"nm":"Grey 2","sr":1,"ks":{"o":{"a":0,"k":100,"ix":11},"r":{"a":0,"k":0,"ix":10},"p":{"a":0,"k":[81.719,200.88,0],"ix":2},"a":{"a":0,"k":[25,25,0],"ix":1},"s":{"a":0,"k":[100,100,100],"ix":6}},"ao":0,"shapes":[{"ty":"gr","it":[{"ind":0,"ty":"sh","ix":1,"ks":{"a":0,"k":{"i":[[-1.277,1.396],[0,1.193],[0.347,0.419],[0.772,0],[0.406,-0.516],[0.051,-0.957],[0,0],[-0.884,0.839],[-1.376,0],[-0.766,-0.714],[0,-1.258],[0.622,-1.035],[0.956,-0.871],[1.023,-0.629],[0,0],[0,0],[0,0],[0,0]],"o":[[1.278,-1.396],[0,-0.707],[-0.347,-0.42],[-0.8,0],[-0.406,0.519],[0,0],[0.092,-1.586],[0.885,-0.837],[1.348,0],[0.767,0.715],[0,1.009],[-0.622,1.035],[-0.956,0.871],[0,0],[0,0],[0,0],[0,0],[2.122,-1.454]],"v":[[0.285,1.09],[2.202,-2.792],[1.681,-4.48],[0.001,-5.109],[-1.808,-4.335],[-2.495,-2.122],[-4.677,-2.122],[-3.213,-5.759],[0.178,-7.017],[3.351,-5.945],[4.501,-2.987],[3.567,0.078],[1.199,2.939],[-1.769,5.189],[4.815,5.189],[4.815,7.017],[-4.815,7.017],[-4.815,5.365]],"c":true},"ix":2},"nm":"Path 1","mn":"ADBE Vector Shape - Group","hd":false},{"ty":"fl","c":{"a":1,"k":[{"i":{"x":[0.833],"y":[0.833]},"o":{"x":[0.167],"y":[0.167]},"t":145,"s":[0.494117647409,0.592156887054,0.686274528503,1]},{"t":155,"s":[1,1,1,1]}],"ix":4},"o":{"a":0,"k":100,"ix":5},"r":1,"bm":0,"nm":"Fill 1","mn":"ADBE Vector Graphic - Fill","hd":false},{"ty":"tr","p":{"a":0,"k":[25.029,24.997],"ix":2},"a":{"a":0,"k":[0,0],"ix":1},"s":{"a":0,"k":[100,100],"ix":3},"r":{"a":0,"k":0,"ix":6},"o":{"a":0,"k":100,"ix":7},"sk":{"a":0,"k":0,"ix":4},"sa":{"a":0,"k":0,"ix":5},"nm":"Transform"}],"nm":"Group 1","np":2,"cix":2,"bm":0,"ix":1,"mn":"ADBE Vector Group","hd":false},{"ty":"gr","it":[{"ind":0,"ty":"sh","ix":1,"ks":{"a":0,"k":{"i":[[-12.703,0],[0,-12.703],[12.703,0],[0,12.702]],"o":[[12.703,0],[0,12.702],[-12.703,0],[0,-12.703]],"v":[[0,-23],[23,0],[0,23],[-23,0]],"c":true},"ix":2},"nm":"Path 1","mn":"ADBE Vector Shape - Group","hd":false},{"ty":"st","c":{"a":0,"k":[0.494117647059,0.592156862745,0.686274509804,1],"ix":3},"o":{"a":0,"k":100,"ix":4},"w":{"a":0,"k":2,"ix":5},"lc":1,"lj":1,"ml":4,"bm":0,"nm":"Stroke 1","mn":"ADBE Vector Graphic - Stroke","hd":false},{"ty":"fl","c":{"a":0,"k":[0.156862745098,0.321568627451,0.478431402468,1],"ix":4},"o":{"a":0,"k":100,"ix":5},"r":1,"bm":0,"nm":"Fill 1","mn":"ADBE Vector Graphic - Fill","hd":false},{"ty":"tr","p":{"a":0,"k":[25,25],"ix":2},"a":{"a":0,"k":[0,0],"ix":1},"s":{"a":0,"k":[100,100],"ix":3},"r":{"a":0,"k":0,"ix":6},"o":{"a":0,"k":100,"ix":7},"sk":{"a":0,"k":0,"ix":4},"sa":{"a":0,"k":0,"ix":5},"nm":"Transform"}],"nm":"Group 2","np":3,"cix":2,"bm":0,"ix":2,"mn":"ADBE Vector Group","hd":false}],"ip":0,"op":1177,"st":0,"bm":0},{"ddd":0,"ind":25,"ty":4,"nm":"Fill Line","sr":1,"ks":{"o":{"a":0,"k":100,"ix":11},"r":{"a":0,"k":0,"ix":10},"p":{"a":0,"k":[81.719,332.481,0],"ix":2},"a":{"a":0,"k":[1,245,0],"ix":1},"s":{"a":0,"k":[100,100,100],"ix":6}},"ao":0,"shapes":[{"ty":"gr","it":[{"ind":0,"ty":"sh","ix":1,"ks":{"a":0,"k":{"i":[[0,0],[0,0]],"o":[[0,0],[0,0]],"v":[[1,1],[1,489]],"c":false},"ix":2},"nm":"Path 1","mn":"ADBE Vector Shape - Group","hd":false},{"ty":"st","c":{"a":0,"k":[1,1,1,1],"ix":3},"o":{"a":0,"k":100,"ix":4},"w":{"a":0,"k":3.5,"ix":5},"lc":1,"lj":1,"ml":4,"bm":0,"nm":"Stroke 1","mn":"ADBE Vector Graphic - Stroke","hd":false},{"ty":"tr","p":{"a":0,"k":[0,0],"ix":2},"a":{"a":0,"k":[0,0],"ix":1},"s":{"a":0,"k":[100,100],"ix":3},"r":{"a":0,"k":0,"ix":6},"o":{"a":0,"k":100,"ix":7},"sk":{"a":0,"k":0,"ix":4},"sa":{"a":0,"k":0,"ix":5},"nm":"Transform"}],"nm":"Group 1","np":2,"cix":2,"bm":0,"ix":1,"mn":"ADBE Vector Group","hd":false},{"ty":"gr","it":[{"ind":0,"ty":"sh","ix":1,"ks":{"a":0,"k":{"i":[[0,0],[0,0]],"o":[[0,0],[0,0]],"v":[[1,489],[1,1]],"c":true},"ix":2},"nm":"Path 1","mn":"ADBE Vector Shape - Group","hd":false},{"ty":"tr","p":{"a":0,"k":[0,0],"ix":2},"a":{"a":0,"k":[0,0],"ix":1},"s":{"a":0,"k":[100,100],"ix":3},"r":{"a":0,"k":0,"ix":6},"o":{"a":0,"k":100,"ix":7},"sk":{"a":0,"k":0,"ix":4},"sa":{"a":0,"k":0,"ix":5},"nm":"Transform"}],"nm":"Group 2","np":2,"cix":2,"bm":0,"ix":2,"mn":"ADBE Vector Group","hd":false},{"ty":"tm","s":{"a":0,"k":0,"ix":1},"e":{"a":1,"k":[{"i":{"x":[0.667],"y":[1]},"o":{"x":[0.333],"y":[0]},"t":48,"s":[0]},{"i":{"x":[0.833],"y":[1]},"o":{"x":[0.167],"y":[0]},"t":198,"s":[25]},{"i":{"x":[0.833],"y":[1]},"o":{"x":[0.167],"y":[0]},"t":348,"s":[50]},{"i":{"x":[0.833],"y":[1]},"o":{"x":[0.167],"y":[0]},"t":498,"s":[75]},{"t":648,"s":[100]}],"ix":2},"o":{"a":0,"k":0,"ix":3},"m":1,"ix":3,"nm":"Trim Paths 1","mn":"ADBE Vector Filter - Trim","hd":false}],"ip":0,"op":1177,"st":0,"bm":0},{"ddd":0,"ind":26,"ty":4,"nm":"Gray Line","sr":1,"ks":{"o":{"a":0,"k":100,"ix":11},"r":{"a":0,"k":0,"ix":10},"p":{"a":0,"k":[81.719,332.481,0],"ix":2},"a":{"a":0,"k":[1,245,0],"ix":1},"s":{"a":0,"k":[100,100,100],"ix":6}},"ao":0,"shapes":[{"ty":"gr","it":[{"ind":0,"ty":"sh","ix":1,"ks":{"a":0,"k":{"i":[[0,0],[0,0]],"o":[[0,0],[0,0]],"v":[[1,1],[1,489]],"c":false},"ix":2},"nm":"Path 1","mn":"ADBE Vector Shape - Group","hd":false},{"ty":"st","c":{"a":0,"k":[0.494117647059,0.592156862745,0.686274509804,1],"ix":3},"o":{"a":0,"k":100,"ix":4},"w":{"a":0,"k":2,"ix":5},"lc":1,"lj":1,"ml":4,"bm":0,"nm":"Stroke 1","mn":"ADBE Vector Graphic - Stroke","hd":false},{"ty":"tr","p":{"a":0,"k":[0,0],"ix":2},"a":{"a":0,"k":[0,0],"ix":1},"s":{"a":0,"k":[100,100],"ix":3},"r":{"a":0,"k":0,"ix":6},"o":{"a":0,"k":100,"ix":7},"sk":{"a":0,"k":0,"ix":4},"sa":{"a":0,"k":0,"ix":5},"nm":"Transform"}],"nm":"Group 1","np":2,"cix":2,"bm":0,"ix":1,"mn":"ADBE Vector Group","hd":false},{"ty":"gr","it":[{"ind":0,"ty":"sh","ix":1,"ks":{"a":0,"k":{"i":[[0,0],[0,0]],"o":[[0,0],[0,0]],"v":[[1,489],[1,1]],"c":true},"ix":2},"nm":"Path 1","mn":"ADBE Vector Shape - Group","hd":false},{"ty":"tr","p":{"a":0,"k":[0,0],"ix":2},"a":{"a":0,"k":[0,0],"ix":1},"s":{"a":0,"k":[100,100],"ix":3},"r":{"a":0,"k":0,"ix":6},"o":{"a":0,"k":100,"ix":7},"sk":{"a":0,"k":0,"ix":4},"sa":{"a":0,"k":0,"ix":5},"nm":"Transform"}],"nm":"Group 2","np":2,"cix":2,"bm":0,"ix":2,"mn":"ADBE Vector Group","hd":false}],"ip":0,"op":1177,"st":0,"bm":0},{"ddd":0,"ind":27,"ty":1,"nm":"Medium Gray-Royal Blue Solid 1","sr":1,"ks":{"o":{"a":0,"k":100,"ix":11},"r":{"a":0,"k":0,"ix":10},"p":{"a":0,"k":[449,330,0],"ix":2},"a":{"a":0,"k":[595,412,0],"ix":1},"s":{"a":0,"k":[100,100,100],"ix":6}},"ao":0,"sw":1190,"sh":824,"sc":"#28527a","ip":0,"op":1200,"st":0,"bm":0}],"markers":[],"chars":[{"ch":"A","size":18,"style":"SemiBold","w":70.4,"data":{"shapes":[{"ty":"gr","it":[{"ind":0,"ty":"sh","ix":1,"ks":{"a":0,"k":{"i":[[0,0],[0,0],[0,0],[0,0],[0,0],[0,0],[0,0],[0,0]],"o":[[0,0],[0,0],[0,0],[0,0],[0,0],[0,0],[0,0],[0,0]],"v":[[54.3,0],[69.2,0],[43.3,-69.8],[27.2,-69.8],[1.2,0],[16.1,0],[21.1,-14.2],[49.4,-14.2]],"c":true},"ix":2},"nm":"A","mn":"ADBE Vector Shape - Group","hd":false},{"ind":1,"ty":"sh","ix":2,"ks":{"a":0,"k":{"i":[[0,0],[0,0],[0,0]],"o":[[0,0],[0,0],[0,0]],"v":[[24.8,-24.9],[35.2,-54.7],[45.6,-24.9]],"c":true},"ix":2},"nm":"A","mn":"ADBE Vector Shape - Group","hd":false}],"nm":"A","np":5,"cix":2,"bm":0,"ix":1,"mn":"ADBE Vector Group","hd":false}]},"fFamily":"Poppins"},{"ch":"b","size":18,"style":"SemiBold","w":67.6,"data":{"shapes":[{"ty":"gr","it":[{"ind":0,"ty":"sh","ix":1,"ks":{"a":0,"k":{"i":[[4.666,0],[3.3,-2.2],[1.4,-3.733],[0,0],[0,0],[0,0],[0,0],[0,0],[-3.3,-2.233],[-4.667,0],[-3.734,2.267],[-2.1,4.3],[0,5.8],[2.1,4.3],[3.733,2.267]],"o":[[-4.667,0],[-3.3,2.2],[0,0],[0,0],[0,0],[0,0],[0,0],[1.4,3.734],[3.3,2.234],[4.666,0],[3.733,-2.266],[2.1,-4.3],[0,-5.8],[-2.1,-4.3],[-3.734,-2.266]],"v":[[39.5,-56.1],[27.55,-52.8],[20.5,-43.9],[20.5,-74],[6.4,-74],[6.4,0],[20.5,0],[20.5,-11.6],[27.55,-2.65],[39.5,0.7],[52.1,-2.7],[60.85,-12.55],[64,-27.7],[60.85,-42.85],[52.1,-52.7]],"c":true},"ix":2},"nm":"b","mn":"ADBE Vector Shape - Group","hd":false},{"ind":1,"ty":"sh","ix":2,"ks":{"a":0,"k":{"i":[[-4.267,0],[-2.667,-2.866],[0,-5],[2.666,-2.833],[4.4,0],[2.766,2.9],[0,4.867],[-2.767,2.9]],"o":[[4.4,0],[2.666,2.867],[0,5],[-2.667,2.834],[-4.267,0],[-2.767,-2.9],[0,-4.933],[2.766,-2.9]],"v":[[35.1,-43.8],[45.7,-39.5],[49.7,-27.7],[45.7,-15.95],[35.1,-11.7],[24.55,-16.05],[20.4,-27.7],[24.55,-39.45]],"c":true},"ix":2},"nm":"b","mn":"ADBE Vector Shape - Group","hd":false}],"nm":"b","np":5,"cix":2,"bm":0,"ix":1,"mn":"ADBE Vector Group","hd":false}]},"fFamily":"Poppins"},{"ch":"s","size":18,"style":"SemiBold","w":54.1,"data":{"shapes":[{"ty":"gr","it":[{"ind":0,"ty":"sh","ix":1,"ks":{"a":0,"k":{"i":[[6.733,0],[3.666,-3],[0,-4.8],[-1.834,-2.133],[-2.567,-0.966],[-4.134,-0.933],[-1.634,-0.533],[-1.1,-1],[0,-1.6],[1.266,-1.166],[2.4,0],[2.066,1.567],[0.333,2.734],[0,0],[-4.334,-3.233],[-7.2,0],[-3.7,2.934],[0,4.734],[1.9,2.234],[2.633,1.034],[4.2,0.934],[1.6,0.534],[1.066,0.934],[0,1.534],[-1.334,1.134],[-2.4,0],[-1.867,-1.6],[-0.534,-2.666],[0,0],[4.066,3.4]],"o":[[-6.467,0],[-3.667,3],[0,3.734],[1.833,2.134],[2.566,0.967],[3,0.734],[1.633,0.534],[1.1,1],[0,1.867],[-1.267,1.167],[-3.334,0],[-2.067,-1.566],[0,0],[0.933,6],[4.333,3.234],[6.266,0],[3.7,-2.933],[0,-3.8],[-1.9,-2.233],[-2.634,-1.033],[-3,-0.733],[-1.6,-0.533],[-1.067,-0.933],[0,-1.933],[1.333,-1.133],[3,0],[1.866,1.6],[0,0],[-1,-5.666],[-4.067,-3.4]],"v":[[25.5,-56.1],[10.3,-51.6],[4.8,-39.9],[7.55,-31.1],[14.15,-26.45],[24.2,-23.6],[31.15,-21.7],[35.25,-19.4],[36.9,-15.5],[35,-10.95],[29.5,-9.2],[21.4,-11.55],[17.8,-18],[4.3,-18],[12.2,-4.15],[29.5,0.7],[44.45,-3.7],[50,-15.2],[47.15,-24.25],[40.35,-29.15],[30.1,-32.1],[23.2,-34],[19.2,-36.2],[17.6,-39.9],[19.6,-44.5],[25.2,-46.2],[32.5,-43.8],[36.1,-37.4],[49.3,-37.4],[41.7,-51]],"c":true},"ix":2},"nm":"s","mn":"ADBE Vector Shape - Group","hd":false}],"nm":"s","np":3,"cix":2,"bm":0,"ix":1,"mn":"ADBE Vector Group","hd":false}]},"fFamily":"Poppins"},{"ch":"t","size":18,"style":"SemiBold","w":39.7,"data":{"shapes":[{"ty":"gr","it":[{"ind":0,"ty":"sh","ix":1,"ks":{"a":0,"k":{"i":[[0,0],[1.066,1.067],[0,2.667],[0,0],[0,0],[0,0],[0,0],[0,0],[0,0],[0,0],[0,0],[0,0],[0,0],[0,0],[-3.3,-3],[-6.2,0],[0,0],[0,0]],"o":[[-2.534,0],[-1.067,-1.066],[0,0],[0,0],[0,0],[0,0],[0,0],[0,0],[0,0],[0,0],[0,0],[0,0],[0,0],[0,7],[3.3,3],[0,0],[0,0],[0,0]],"v":[[30.5,-12.1],[25.1,-13.7],[23.5,-19.3],[23.5,-43.5],[35.9,-43.5],[35.9,-55.4],[23.5,-55.4],[23.5,-69.1],[9.4,-69.1],[9.4,-55.4],[1.7,-55.4],[1.7,-43.5],[9.4,-43.5],[9.4,-19.5],[14.35,-4.5],[28.6,0],[36,0],[36,-12.1]],"c":true},"ix":2},"nm":"t","mn":"ADBE Vector Shape - Group","hd":false}],"nm":"t","np":3,"cix":2,"bm":0,"ix":1,"mn":"ADBE Vector Group","hd":false}]},"fFamily":"Poppins"},{"ch":"r","size":18,"style":"SemiBold","w":41.5,"data":{"shapes":[{"ty":"gr","it":[{"ind":0,"ty":"sh","ix":1,"ks":{"a":0,"k":{"i":[[2.066,-3.533],[0,0],[0,0],[0,0],[0,0],[0,0],[-10.334,0],[0,0],[0,0],[3.4,-2.033]],"o":[[0,0],[0,0],[0,0],[0,0],[0,0],[0,-9.6],[0,0],[0,0],[-4.2,0],[-3.4,2.034]],"v":[[20.5,-44.8],[20.5,-55.4],[6.4,-55.4],[6.4,0],[20.5,0],[20.5,-26.7],[36,-41.1],[40.1,-41.1],[40.1,-56.2],[28.7,-53.15]],"c":true},"ix":2},"nm":"r","mn":"ADBE Vector Shape - Group","hd":false}],"nm":"r","np":3,"cix":2,"bm":0,"ix":1,"mn":"ADBE Vector Group","hd":false}]},"fFamily":"Poppins"},{"ch":"a","size":18,"style":"SemiBold","w":67.6,"data":{"shapes":[{"ty":"gr","it":[{"ind":0,"ty":"sh","ix":1,"ks":{"a":0,"k":{"i":[[4.666,0],[3.733,-2.266],[2.1,-4.3],[0,-5.8],[-2.1,-4.3],[-3.734,-2.266],[-4.667,0],[-3.334,2.234],[-1.4,3.734],[0,0],[0,0],[0,0],[0,0],[0,0],[3.333,2.2]],"o":[[-4.667,0],[-3.734,2.267],[-2.1,4.3],[0,5.8],[2.1,4.3],[3.733,2.267],[4.666,0],[3.333,-2.233],[0,0],[0,0],[0,0],[0,0],[0,0],[-1.4,-3.733],[-3.334,-2.2]],"v":[[28.1,-56.1],[15.5,-52.7],[6.75,-42.85],[3.6,-27.7],[6.75,-12.55],[15.5,-2.7],[28.1,0.7],[40.1,-2.65],[47.2,-11.6],[47.2,0],[61.2,0],[61.2,-55.4],[47.2,-55.4],[47.2,-43.9],[40.1,-52.8]],"c":true},"ix":2},"nm":"a","mn":"ADBE Vector Shape - Group","hd":false},{"ind":1,"ty":"sh","ix":2,"ks":{"a":0,"k":{"i":[[-4.4,0],[-2.767,-2.9],[0,-4.933],[2.766,-2.9],[4.266,0],[2.666,2.834],[0,5],[-2.667,2.867]],"o":[[4.266,0],[2.766,2.9],[0,4.867],[-2.767,2.9],[-4.4,0],[-2.667,-2.833],[0,-5],[2.666,-2.866]],"v":[[32.5,-43.8],[43.05,-39.45],[47.2,-27.7],[43.05,-16.05],[32.5,-11.7],[21.9,-15.95],[17.9,-27.7],[21.9,-39.5]],"c":true},"ix":2},"nm":"a","mn":"ADBE Vector Shape - Group","hd":false}],"nm":"a","np":5,"cix":2,"bm":0,"ix":1,"mn":"ADBE Vector Group","hd":false}]},"fFamily":"Poppins"},{"ch":"c","size":18,"style":"SemiBold","w":61.7,"data":{"shapes":[{"ty":"gr","it":[{"ind":0,"ty":"sh","ix":1,"ks":{"a":0,"k":{"i":[[7.133,0],[4.2,-2.266],[2.333,-4.3],[0,-5.8],[-2.334,-4.266],[-4.2,-2.3],[-5.4,0],[-4.767,3.867],[-1.2,6.667],[0,0],[2.133,-1.7],[3.266,0],[2.5,2.767],[0,5.334],[-2.5,2.767],[-3.734,0],[-2.134,-1.7],[-0.6,-2.933],[0,0],[4.766,3.867]],"o":[[-5.4,0],[-4.2,2.267],[-2.334,4.3],[0,5.8],[2.333,4.267],[4.2,2.3],[7.133,0],[4.766,-3.866],[0,0],[-0.6,2.934],[-2.134,1.7],[-3.734,0],[-2.5,-2.766],[0,-5.333],[2.5,-2.766],[3.266,0],[2.133,1.7],[0,0],[-1.2,-6.666],[-4.767,-3.866]],"v":[[31.3,-56.1],[16.9,-52.7],[7.1,-42.85],[3.6,-27.7],[7.1,-12.6],[16.9,-2.75],[31.3,0.7],[49.15,-5.1],[58.1,-20.9],[43.2,-20.9],[39.1,-13.95],[31,-11.4],[21.65,-15.55],[17.9,-27.7],[21.65,-39.85],[31,-44],[39.1,-41.45],[43.2,-34.5],[58.1,-34.5],[49.15,-50.3]],"c":true},"ix":2},"nm":"c","mn":"ADBE Vector Shape - Group","hd":false}],"nm":"c","np":3,"cix":2,"bm":0,"ix":1,"mn":"ADBE Vector Group","hd":false}]},"fFamily":"Poppins"},{"ch":" ","size":18,"style":"SemiBold","w":21.8,"data":{},"fFamily":"Poppins"},{"ch":"e","size":18,"style":"SemiBold","w":62.1,"data":{"shapes":[{"ty":"gr","it":[{"ind":0,"ty":"sh","ix":1,"ks":{"a":0,"k":{"i":[[0,1.4],[2.233,3.967],[4.1,2.267],[5.466,0],[4.2,-2.266],[2.333,-4.3],[0,-5.8],[-2.334,-4.266],[-4.2,-2.3],[-5.4,0],[-3.767,1.734],[-2.4,3.067],[-0.734,3.867],[0,0],[2.166,-1.6],[3.266,0],[2.466,2.334],[0.2,4.934],[0,0]],"o":[[0,-5.066],[-2.234,-3.966],[-4.1,-2.266],[-5.4,0],[-4.2,2.267],[-2.334,4.3],[0,5.8],[2.333,4.267],[4.2,2.3],[4.6,0],[3.766,-1.733],[2.4,-3.066],[0,0],[-0.6,2.734],[-2.167,1.6],[-3.667,0],[-2.467,-2.333],[0,0],[0.333,-1.8]],"v":[[58.5,-29.8],[55.15,-43.35],[45.65,-52.7],[31.3,-56.1],[16.9,-52.7],[7.1,-42.85],[3.6,-27.7],[7.1,-12.6],[16.9,-2.75],[31.3,0.7],[43.85,-1.9],[53.1,-9.1],[57.8,-19.5],[42.9,-19.5],[38.75,-13],[30.6,-10.6],[21.4,-14.1],[17.4,-25],[58,-25]],"c":true},"ix":2},"nm":"e","mn":"ADBE Vector Shape - Group","hd":false},{"ind":1,"ty":"sh","ix":2,"ks":{"a":0,"k":{"i":[[0.2,-4.533],[0,0],[-2.6,2.334],[-3.8,0],[-2.567,-2.333]],"o":[[0,0],[0.266,-4.533],[2.6,-2.333],[3.733,0],[2.566,2.334]],"v":[[44.3,-31.2],[17.4,-31.2],[21.7,-41.5],[31.3,-45],[40.75,-41.5]],"c":true},"ix":2},"nm":"e","mn":"ADBE Vector Shape - Group","hd":false}],"nm":"e","np":5,"cix":2,"bm":0,"ix":1,"mn":"ADBE Vector Group","hd":false}]},"fFamily":"Poppins"},{"ch":"o","size":18,"style":"SemiBold","w":64,"data":{"shapes":[{"ty":"gr","it":[{"ind":0,"ty":"sh","ix":1,"ks":{"a":0,"k":{"i":[[5.4,0],[4.3,-2.266],[2.466,-4.3],[0,-5.8],[-2.467,-4.266],[-4.3,-2.3],[-5.4,0],[-4.3,2.3],[-2.467,4.267],[0,5.8],[2.466,4.3],[4.3,2.267]],"o":[[-5.4,0],[-4.3,2.267],[-2.467,4.3],[0,5.8],[2.466,4.267],[4.3,2.3],[5.4,0],[4.3,-2.3],[2.466,-4.266],[0,-5.8],[-2.467,-4.3],[-4.3,-2.266]],"v":[[32,-56.1],[17.45,-52.7],[7.3,-42.85],[3.6,-27.7],[7.3,-12.6],[17.45,-2.75],[32,0.7],[46.55,-2.75],[56.7,-12.6],[60.4,-27.7],[56.7,-42.85],[46.55,-52.7]],"c":true},"ix":2},"nm":"o","mn":"ADBE Vector Shape - Group","hd":false},{"ind":1,"ty":"sh","ix":2,"ks":{"a":0,"k":{"i":[[-3.934,0],[-2.734,-2.766],[0,-5.266],[2.733,-2.766],[3.933,0],[2.733,2.767],[0,5.267],[-2.734,2.767]],"o":[[3.933,0],[2.733,2.767],[0,5.267],[-2.734,2.767],[-3.934,0],[-2.734,-2.766],[0,-5.266],[2.733,-2.766]],"v":[[32,-43.9],[42,-39.75],[46.1,-27.7],[42,-15.65],[32,-11.5],[22,-15.65],[17.9,-27.7],[22,-39.75]],"c":true},"ix":2},"nm":"o","mn":"ADBE Vector Shape - Group","hd":false}],"nm":"o","np":5,"cix":2,"bm":0,"ix":1,"mn":"ADBE Vector Group","hd":false}]},"fFamily":"Poppins"},{"ch":"n","size":18,"style":"SemiBold","w":66.4,"data":{"shapes":[{"ty":"gr","it":[{"ind":0,"ty":"sh","ix":1,"ks":{"a":0,"k":{"i":[[6.4,0],[3.366,-2.1],[1.466,-3.733],[0,0],[0,0],[0,0],[0,0],[0,0],[-2.4,2.6],[-4,0],[-2.267,-2.433],[0,-4.4],[0,0],[0,0],[0,0],[3.8,4.2]],"o":[[-4.4,0],[-3.367,2.1],[0,0],[0,0],[0,0],[0,0],[0,0],[0,-4.866],[2.4,-2.6],[3.933,0],[2.266,2.434],[0,0],[0,0],[0,0],[0,-7.6],[-3.8,-4.2]],"v":[[39.4,-56.2],[27.75,-53.05],[20.5,-44.3],[20.5,-55.4],[6.4,-55.4],[6.4,0],[20.5,0],[20.5,-29.4],[24.1,-40.6],[33.7,-44.5],[43,-40.85],[46.4,-30.6],[46.4,0],[60.4,0],[60.4,-32.2],[54.7,-49.9]],"c":true},"ix":2},"nm":"n","mn":"ADBE Vector Shape - Group","hd":false}],"nm":"n","np":3,"cix":2,"bm":0,"ix":1,"mn":"ADBE Vector Group","hd":false}]},"fFamily":"Poppins"},{"ch":"i","size":18,"style":"SemiBold","w":26.9,"data":{"shapes":[{"ty":"gr","it":[{"ind":0,"ty":"sh","ix":1,"ks":{"a":0,"k":{"i":[[0,-2.266],[-1.6,-1.433],[-2.6,0],[-1.6,1.434],[0,2.2],[1.6,1.434],[2.6,0],[1.6,-1.433]],"o":[[0,2.2],[1.6,1.434],[2.6,0],[1.6,-1.433],[0,-2.266],[-1.6,-1.433],[-2.6,0],[-1.6,1.434]],"v":[[4.8,-71.3],[7.2,-65.85],[13.5,-63.7],[19.8,-65.85],[22.2,-71.3],[19.8,-76.85],[13.5,-79],[7.2,-76.85]],"c":true},"ix":2},"nm":"i","mn":"ADBE Vector Shape - Group","hd":false},{"ind":1,"ty":"sh","ix":2,"ks":{"a":0,"k":{"i":[[0,0],[0,0],[0,0],[0,0]],"o":[[0,0],[0,0],[0,0],[0,0]],"v":[[6.4,-55.4],[6.4,0],[20.5,0],[20.5,-55.4]],"c":true},"ix":2},"nm":"i","mn":"ADBE Vector Shape - Group","hd":false}],"nm":"i","np":5,"cix":2,"bm":0,"ix":1,"mn":"ADBE Vector Group","hd":false}]},"fFamily":"Poppins"},{"ch":"g","size":18,"style":"SemiBold","w":67.6,"data":{"shapes":[{"ty":"gr","it":[{"ind":0,"ty":"sh","ix":1,"ks":{"a":0,"k":{"i":[[4.666,0],[3.733,-2.266],[2.1,-4.3],[0,-5.8],[-2.1,-4.3],[-3.734,-2.266],[-4.667,0],[-3.334,2.234],[-1.4,3.734],[0,0],[2.533,-2.434],[4.133,0],[2.3,1.566],[0.8,2.8],[0,0],[-4.934,-3.8],[-8,0],[-4.034,2.333],[-2.034,4.1],[0,5.133],[0,0],[0,0],[0,0],[3.333,2.2]],"o":[[-4.667,0],[-3.734,2.267],[-2.1,4.3],[0,5.8],[2.1,4.3],[3.733,2.267],[4.666,0],[3.333,-2.233],[0,0],[0,4.933],[-2.534,2.433],[-3.6,0],[-2.3,-1.567],[0,0],[1.066,6.533],[4.933,3.8],[5.733,0],[4.033,-2.334],[2.033,-4.1],[0,0],[0,0],[0,0],[-1.4,-3.733],[-3.334,-2.2]],"v":[[28.1,-56.1],[15.5,-52.7],[6.75,-42.85],[3.6,-27.7],[6.75,-12.55],[15.5,-2.7],[28.1,0.7],[40.1,-2.65],[47.2,-11.6],[47.2,0.2],[43.4,11.25],[33.4,14.9],[24.55,12.55],[19.9,6],[6,6],[15,21.5],[34.4,27.2],[49.05,23.7],[58.15,14.05],[61.2,0.2],[61.2,-55.4],[47.2,-55.4],[47.2,-43.9],[40.1,-52.8]],"c":true},"ix":2},"nm":"g","mn":"ADBE Vector Shape - Group","hd":false},{"ind":1,"ty":"sh","ix":2,"ks":{"a":0,"k":{"i":[[-4.4,0],[-2.767,-2.9],[0,-4.933],[2.766,-2.9],[4.266,0],[2.666,2.834],[0,5],[-2.667,2.867]],"o":[[4.266,0],[2.766,2.9],[0,4.867],[-2.767,2.9],[-4.4,0],[-2.667,-2.833],[0,-5],[2.666,-2.866]],"v":[[32.5,-43.8],[43.05,-39.45],[47.2,-27.7],[43.05,-16.05],[32.5,-11.7],[21.9,-15.95],[17.9,-27.7],[21.9,-39.5]],"c":true},"ix":2},"nm":"g","mn":"ADBE Vector Shape - Group","hd":false}],"nm":"g","np":5,"cix":2,"bm":0,"ix":1,"mn":"ADBE Vector Group","hd":false}]},"fFamily":"Poppins"},{"ch":"P","size":18,"style":"SemiBold","w":60.1,"data":{"shapes":[{"ty":"gr","it":[{"ind":0,"ty":"sh","ix":1,"ks":{"a":0,"k":{"i":[[0,0],[-4.367,4],[0,6.734],[4.233,4],[8.333,0],[0,0],[0,0],[0,0],[0,0]],"o":[[8.066,0],[4.366,-4],[0,-6.866],[-4.234,-4],[0,0],[0,0],[0,0],[0,0],[0,0]],"v":[[32.1,-26.2],[50.75,-32.2],[57.3,-48.3],[50.95,-64.6],[32.1,-70.6],[6.4,-70.6],[6.4,0],[20.5,0],[20.5,-26.2]],"c":true},"ix":2},"nm":"P","mn":"ADBE Vector Shape - Group","hd":false},{"ind":1,"ty":"sh","ix":2,"ks":{"a":0,"k":{"i":[[8.266,0],[0,0],[0,0],[0,0],[-1.934,-1.866],[0,-3.533]],"o":[[0,0],[0,0],[0,0],[4.4,0],[1.933,1.867],[0,7.2]],"v":[[30.6,-37.5],[20.5,-37.5],[20.5,-59.2],[30.6,-59.2],[40.1,-56.4],[43,-48.3]],"c":true},"ix":2},"nm":"P","mn":"ADBE Vector Shape - Group","hd":false}],"nm":"P","np":5,"cix":2,"bm":0,"ix":1,"mn":"ADBE Vector Group","hd":false}]},"fFamily":"Poppins"},{"ch":"C","size":18,"style":"SemiBold","w":75.9,"data":{"shapes":[{"ty":"gr","it":[{"ind":0,"ty":"sh","ix":1,"ks":{"a":0,"k":{"i":[[8.8,0],[5.133,-3.033],[2.833,-5.466],[0,-7],[-2.834,-5.466],[-5.167,-3.033],[-6.734,0],[-5.8,4.534],[-1.867,7.8],[0,0],[3.233,-2.2],[4.533,0],[3,1.867],[1.666,3.467],[0,4.6],[-1.667,3.467],[-3,1.867],[-3.734,0],[-3.234,-2.2],[-1.534,-3.8],[0,0],[5.8,4.534]],"o":[[-6.8,0],[-5.134,3.034],[-2.834,5.467],[0,6.934],[2.833,5.467],[5.166,3.034],[8.8,0],[5.8,-4.533],[0,0],[-1.534,3.8],[-3.234,2.2],[-3.734,0],[-3,-1.866],[-1.667,-3.466],[0,-4.666],[1.666,-3.466],[3,-1.866],[4.533,0],[3.233,2.2],[0,0],[-1.867,-7.8],[-5.8,-4.533]],"v":[[38.3,-71.3],[20.4,-66.75],[8.45,-54],[4.2,-35.3],[8.45,-16.7],[20.45,-3.95],[38.3,0.6],[60.2,-6.2],[71.7,-24.7],[56.9,-24.7],[49.75,-15.7],[38.1,-12.4],[28,-15.2],[21,-23.2],[18.5,-35.3],[21,-47.5],[28,-55.5],[38.1,-58.3],[49.75,-55],[56.9,-46],[71.7,-46],[60.2,-64.5]],"c":true},"ix":2},"nm":"C","mn":"ADBE Vector Shape - Group","hd":false}],"nm":"C","np":3,"cix":2,"bm":0,"ix":1,"mn":"ADBE Vector Group","hd":false}]},"fFamily":"Poppins"},{"ch":"v","size":18,"style":"SemiBold","w":60.9,"data":{"shapes":[{"ty":"gr","it":[{"ind":0,"ty":"sh","ix":1,"ks":{"a":0,"k":{"i":[[0,0],[0,0],[0,0],[0,0],[0,0],[0,0],[0,0]],"o":[[0,0],[0,0],[0,0],[0,0],[0,0],[0,0],[0,0]],"v":[[16.4,-55.4],[1.3,-55.4],[21.8,0],[39,0],[59.5,-55.4],[44.5,-55.4],[30.5,-14.1]],"c":true},"ix":2},"nm":"v","mn":"ADBE Vector Shape - Group","hd":false}],"nm":"v","np":3,"cix":2,"bm":0,"ix":1,"mn":"ADBE Vector Group","hd":false}]},"fFamily":"Poppins"},{"ch":"l","size":18,"style":"SemiBold","w":26.9,"data":{"shapes":[{"ty":"gr","it":[{"ind":0,"ty":"sh","ix":1,"ks":{"a":0,"k":{"i":[[0,0],[0,0],[0,0],[0,0]],"o":[[0,0],[0,0],[0,0],[0,0]],"v":[[6.4,-74],[6.4,0],[20.5,0],[20.5,-74]],"c":true},"ix":2},"nm":"l","mn":"ADBE Vector Shape - Group","hd":false}],"nm":"l","np":3,"cix":2,"bm":0,"ix":1,"mn":"ADBE Vector Group","hd":false}]},"fFamily":"Poppins"},{"ch":"y","size":18,"style":"SemiBold","w":60.7,"data":{"shapes":[{"ty":"gr","it":[{"ind":0,"ty":"sh","ix":1,"ks":{"a":0,"k":{"i":[[0,0],[0,0],[0,0],[0,0],[0,0],[0,0],[0,0],[0,0]],"o":[[0,0],[0,0],[0,0],[0,0],[0,0],[0,0],[0,0],[0,0]],"v":[[0.2,-55.4],[23.5,-1.6],[11,26.4],[26.6,26.4],[60.5,-55.4],[45,-55.4],[31,-17.8],[15.9,-55.4]],"c":true},"ix":2},"nm":"y","mn":"ADBE Vector Shape - Group","hd":false}],"nm":"y","np":3,"cix":2,"bm":0,"ix":1,"mn":"ADBE Vector Group","hd":false}]},"fFamily":"Poppins"},{"ch":"D","size":18,"style":"SemiBold","w":72.7,"data":{"shapes":[{"ty":"gr","it":[{"ind":0,"ty":"sh","ix":1,"ks":{"a":0,"k":{"i":[[0,7],[2.933,5.3],[5.566,2.9],[7.666,0],[0,0],[0,0],[0,0],[-5.567,2.967],[-2.934,5.334]],"o":[[0,-7.066],[-2.934,-5.3],[-5.567,-2.9],[0,0],[0,0],[0,0],[7.666,0],[5.566,-2.966],[2.933,-5.333]],"v":[[68.5,-35.4],[64.1,-53.95],[51.35,-66.25],[31.5,-70.6],[6.4,-70.6],[6.4,0],[31.5,0],[51.35,-4.45],[64.1,-16.9]],"c":true},"ix":2},"nm":"D","mn":"ADBE Vector Shape - Group","hd":false},{"ind":1,"ty":"sh","ix":2,"ks":{"a":0,"k":{"i":[[7.6,0],[0,0],[0,0],[0,0],[-4.167,-4],[0,-7.266],[4.166,-4]],"o":[[0,0],[0,0],[0,0],[7.6,0],[4.166,4],[0,7.2],[-4.167,4]],"v":[[30.3,-12.6],[20.5,-12.6],[20.5,-58.3],[30.3,-58.3],[47.95,-52.3],[54.2,-35.4],[47.95,-18.6]],"c":true},"ix":2},"nm":"D","mn":"ADBE Vector Shape - Group","hd":false}],"nm":"D","np":5,"cix":2,"bm":0,"ix":1,"mn":"ADBE Vector Group","hd":false}]},"fFamily":"Poppins"},{"ch":"d","size":18,"style":"SemiBold","w":67.6,"data":{"shapes":[{"ty":"gr","it":[{"ind":0,"ty":"sh","ix":1,"ks":{"a":0,"k":{"i":[[4.666,0],[3.733,-2.266],[2.1,-4.3],[0,-5.8],[-2.1,-4.3],[-3.734,-2.266],[-4.667,0],[-3.3,2.234],[-1.467,3.734],[0,0],[0,0],[0,0],[0,0],[0,0],[3.3,2.2]],"o":[[-4.667,0],[-3.734,2.267],[-2.1,4.3],[0,5.8],[2.1,4.3],[3.733,2.267],[4.666,0],[3.3,-2.233],[0,0],[0,0],[0,0],[0,0],[0,0],[-1.467,-3.733],[-3.3,-2.2]],"v":[[28.1,-56.1],[15.5,-52.7],[6.75,-42.85],[3.6,-27.7],[6.75,-12.55],[15.5,-2.7],[28.1,0.7],[40.05,-2.65],[47.2,-11.6],[47.2,0],[61.2,0],[61.2,-74],[47.2,-74],[47.2,-43.9],[40.05,-52.8]],"c":true},"ix":2},"nm":"d","mn":"ADBE Vector Shape - Group","hd":false},{"ind":1,"ty":"sh","ix":2,"ks":{"a":0,"k":{"i":[[-4.4,0],[-2.767,-2.9],[0,-4.933],[2.766,-2.9],[4.266,0],[2.666,2.834],[0,5],[-2.667,2.867]],"o":[[4.266,0],[2.766,2.9],[0,4.867],[-2.767,2.9],[-4.4,0],[-2.667,-2.833],[0,-5],[2.666,-2.866]],"v":[[32.5,-43.8],[43.05,-39.45],[47.2,-27.7],[43.05,-16.05],[32.5,-11.7],[21.9,-15.95],[17.9,-27.7],[21.9,-39.5]],"c":true},"ix":2},"nm":"d","mn":"ADBE Vector Shape - Group","hd":false}],"nm":"d","np":5,"cix":2,"bm":0,"ix":1,"mn":"ADBE Vector Group","hd":false}]},"fFamily":"Poppins"},{"ch":"u","size":18,"style":"SemiBold","w":65.8,"data":{"shapes":[{"ty":"gr","it":[{"ind":0,"ty":"sh","ix":1,"ks":{"a":0,"k":{"i":[[0,0],[0,0],[2.4,-2.6],[4.066,0],[2.266,2.434],[0,4.4],[0,0],[0,0],[0,0],[-3.8,-4.2],[-6.4,0],[-3.367,2.1],[-1.467,3.734],[0,0],[0,0],[0,0]],"o":[[0,0],[0,4.867],[-2.4,2.6],[-3.867,0],[-2.267,-2.433],[0,0],[0,0],[0,0],[0,7.534],[3.8,4.2],[4.4,0],[3.366,-2.1],[0,0],[0,0],[0,0],[0,0]],"v":[[45.3,-55.4],[45.3,-26],[41.7,-14.8],[32,-10.9],[22.8,-14.55],[19.4,-24.8],[19.4,-55.4],[5.4,-55.4],[5.4,-23.2],[11.1,-5.6],[26.4,0.7],[38.05,-2.45],[45.3,-11.2],[45.3,0],[59.4,0],[59.4,-55.4]],"c":true},"ix":2},"nm":"u","mn":"ADBE Vector Shape - Group","hd":false}],"nm":"u","np":3,"cix":2,"bm":0,"ix":1,"mn":"ADBE Vector Group","hd":false}]},"fFamily":"Poppins"},{"ch":"R","size":18,"style":"SemiBold","w":61.6,"data":{"shapes":[{"ty":"gr","it":[{"ind":0,"ty":"sh","ix":1,"ks":{"a":0,"k":{"i":[[0,0],[0,0],[-2.967,3.6],[0,5.334],[4.3,4],[8.2,0],[0,0],[0,0],[0,0],[0,0],[0,0],[0,0]],"o":[[0,0],[5.6,-1.2],[2.966,-3.6],[0,-6.533],[-4.3,-4],[0,0],[0,0],[0,0],[0,0],[0,0],[0,0],[0,0]],"v":[[58.8,0],[41.2,-28.2],[54.05,-35.4],[58.5,-48.8],[52.05,-64.6],[33.3,-70.6],[6.4,-70.6],[6.4,0],[20.5,0],[20.5,-27.5],[26.7,-27.5],[43.2,0]],"c":true},"ix":2},"nm":"R","mn":"ADBE Vector Shape - Group","hd":false},{"ind":1,"ty":"sh","ix":2,"ks":{"a":0,"k":{"i":[[0,0],[0,0],[-1.967,-1.9],[0,-3.4],[8.066,0],[0,0]],"o":[[0,0],[4.133,0],[1.966,1.9],[0,7.134],[0,0],[0,0]],"v":[[20.5,-58.7],[32.1,-58.7],[41.25,-55.85],[44.2,-47.9],[32.1,-37.2],[20.5,-37.2]],"c":true},"ix":2},"nm":"R","mn":"ADBE Vector Shape - Group","hd":false}],"nm":"R","np":5,"cix":2,"bm":0,"ix":1,"mn":"ADBE Vector Group","hd":false}]},"fFamily":"Poppins"},{"ch":"N","size":18,"style":"SemiBold","w":72.6,"data":{"shapes":[{"ty":"gr","it":[{"ind":0,"ty":"sh","ix":1,"ks":{"a":0,"k":{"i":[[0,0],[0,0],[0,0],[0,0],[0,0],[0,0],[0,0],[0,0],[0,0],[0,0]],"o":[[0,0],[0,0],[0,0],[0,0],[0,0],[0,0],[0,0],[0,0],[0,0],[0,0]],"v":[[66.2,-70.6],[52.1,-70.6],[52.1,-22.2],[20.5,-70.6],[6.4,-70.6],[6.4,0],[20.5,0],[20.5,-48],[52.1,0],[66.2,0]],"c":true},"ix":2},"nm":"N","mn":"ADBE Vector Shape - Group","hd":false}],"nm":"N","np":3,"cix":2,"bm":0,"ix":1,"mn":"ADBE Vector Group","hd":false}]},"fFamily":"Poppins"},{"ch":"m","size":18,"style":"SemiBold","w":104.7,"data":{"shapes":[{"ty":"gr","it":[{"ind":0,"ty":"sh","ix":1,"ks":{"a":0,"k":{"i":[[6.733,0],[3.433,-2.233],[1.733,-3.8],[3.3,2.134],[4.466,0],[3.166,-1.966],[1.466,-3.6],[0,0],[0,0],[0,0],[0,0],[0,0],[-2.334,2.467],[-3.934,0],[-2.167,-2.3],[0,-4.266],[0,0],[0,0],[0,0],[-2.334,2.467],[-3.934,0],[-2.167,-2.3],[0,-4.266],[0,0],[0,0],[0,0],[3.9,4.167]],"o":[[-4.267,0],[-3.434,2.234],[-1.667,-4],[-3.3,-2.133],[-4.2,0],[-3.167,1.967],[0,0],[0,0],[0,0],[0,0],[0,0],[0,-4.733],[2.333,-2.466],[3.8,0],[2.166,2.3],[0,0],[0,0],[0,0],[0,-4.733],[2.333,-2.466],[3.8,0],[2.166,2.3],[0,0],[0,0],[0,0],[0,-7.666],[-3.9,-4.166]],"v":[[76.9,-56.2],[65.35,-52.85],[57.6,-43.8],[50.15,-53],[38.5,-56.2],[27.45,-53.25],[20.5,-44.9],[20.5,-55.4],[6.4,-55.4],[6.4,0],[20.5,0],[20.5,-29.4],[24,-40.2],[33.4,-43.9],[42.35,-40.45],[45.6,-30.6],[45.6,0],[59.6,0],[59.6,-29.4],[63.1,-40.2],[72.5,-43.9],[81.45,-40.45],[84.7,-30.6],[84.7,0],[98.7,0],[98.7,-32.2],[92.85,-49.95]],"c":true},"ix":2},"nm":"m","mn":"ADBE Vector Shape - Group","hd":false}],"nm":"m","np":3,"cix":2,"bm":0,"ix":1,"mn":"ADBE Vector Group","hd":false}]},"fFamily":"Poppins"}]}